Variable name,Description
ID,Unique identifier of the study
MM_TYPE,Type of molecular marker
COUNTRY_NAME,Name of the country where the study was conducted
SITE_NAME,Site where the study was conducted
ADMIN2,Administrative level 2 where the study was conducted
LATITUDE,Latitude of the site where the study was conducted
LONGITUDE,Longitude of the site where the study was conducted
YEAR_START,Year when the study started
PLASMODIUM_SPECIES,Plasmodium species
SAMPLE_SIZE,Number of patient samples analysed
DATA_SOURCE,Institution or group that conducted the study or survey
CITATION_URL,URL of the publication where the data was published
GENOTYPE,Genotype
PROPORTION,Percentage of the samples with the genotype
