ID,GENOTYPE,PROPORTION
1,WT,95.80
1,Y493C,4.20
2,WT,100.00
3,WT,100.00
4,WT,100.00
5,WT,100.00
7,WT,100.00
8,WT,100.00
9,WT,100.00
11,WT,100.00
12,WT,100.00
14,WT,100.00
15,WT,100.00
16,WT,100.00
17,WT,100.00
18,A578S,0.50
18,WT,99.50
19,A578S,2.40
19,WT,97.60
30,WT,100.00
32,WT,100.00
33,WT,100.00
34,G548S,0.40
34,V510M,0.40
34,WT,98.80
34,Y500C,0.40
35,WT,100.00
36,WT,100.00
38,WT,100.00
39,WT,100.00
40,WT,100.00
47,WT,100.00
48,A481V,0.90
48,WT,99.10
52,WT,100.00
54,WT,100.00
56,WT,100.00
57,WT,100.00
81,C580Y,68.40
81,R539T,5.30
81,WT,15.80
81,Y493H,10.50
82,C580Y,82.50
82,R539T,12.30
82,WT,5.20
83,C580Y,80.60
83,R539T,6.50
83,WT,12.90
84,C580Y,58.70
84,R539T,19.60
84,WT,17.40
84,Y493H,4.30
85,C580Y,64.50
85,N458Y,4.80
85,R539T,11.30
85,WT,16.20
85,Y493H,3.20
86,C580Y,87.30
86,R539T,4.20
86,WT,7.00
86,Y493H,1.50
87,C580Y,57.10
87,N458Y,14.30
87,WT,28.60
88,C580Y,58.30
88,P553L,8.30
88,R539T,16.70
88,WT,16.70
89,C580Y,64.70
89,I543T,5.90
89,WT,29.40
90,I543T,33.30
90,V568G,33.30
90,WT,33.40
91,C580Y,42.40
91,R539T,33.30
91,WT,24.30
92,C580Y,88.10
92,I543T,1.20
92,R539T,5.90
92,WT,4.80
93,C580Y,5.30
93,R539T,10.50
93,WT,84.20
94,C580Y,78.90
94,N458Y,5.30
94,WT,10.50
94,Y493H,5.30
95,C580Y,2.80
95,I543T,2.80
95,WT,94.40
96,C580Y,86.20
96,I543T,2.30
96,R539T,3.40
96,WT,8.10
97,C580Y,15.40
97,R539T,1.90
97,WT,78.90
97,Y493H,3.80
98,C580Y,63.00
98,H719N,1.00
98,R539T,7.00
98,WT,24.00
98,Y493H,5.00
99,C580Y,3.50
99,WT,96.50
100,C580Y,81.50
100,WT,18.50
101,C580Y,5.20
101,WT,60.30
101,Y493H,34.50
102,C580Y,81.40
102,WT,14.00
102,Y493H,4.60
103,C580Y,38.30
103,V568G,1.70
103,WT,58.30
103,Y493H,1.70
104,C580Y,62.50
104,R539T,37.50
105,C580Y,62.50
105,R539T,25.00
105,WT,12.50
106,C580Y,50.00
106,WT,50.00
107,C580Y,65.40
107,R539T,30.80
107,WT,3.80
108,C580Y,71.40
108,WT,28.60
109,C580Y,69.40
109,R539T,6.90
109,WT,1.50
109,Y493H,22.20
110,C580Y,17.50
110,D584V,1.80
110,WT,73.70
110,Y493H,7.00
111,C580Y,98.80
111,R539T,1.20
112,C580Y,45.50
112,P553L,4.50
112,WT,50.00
113,C580Y,69.60
113,WT,30.40
114,C580Y,82.40
114,WT,17.60
115,C580Y,93.10
115,WT,6.90
116,C580Y,83.30
116,WT,11.60
116,Y493H,5.10
117,C580Y,54.50
117,WT,45.50
118,C580Y,91.50
118,R539T,2.10
118,WT,6.40
119,C580Y,98.10
119,WT,1.90
120,C580Y,100.00
121,C580Y,70.00
121,WT,25.00
121,Y493H,5.00
122,C580Y,70.00
122,V568G,2.50
122,WT,27.50
123,C580Y,95.00
123,WT,2.50
123,Y493H,2.50
124,C580Y,96.10
124,WT,3.90
125,C580Y,94.50
125,WT,5.50
126,C580Y,92.80
126,WT,7.20
127,C580Y,100.00
128,C580Y,81.80
128,WT,18.20
129,WT,100.00
130,WT,100.00
131,A578S,0.90
131,I448L,0.40
131,V589I,0.40
131,WT,98.30
132,A569S,0.20
132,A578S,0.50
132,F583S,0.20
132,WT,98.90
132,Y482S,0.20
133,WT,98.90
133,Y482S,1.10
138,Q633R,0.80
138,WT,98.40
138,Y519C,0.80
151,A481V,7.70
151,F446I,30.80
151,F483S,3.80
151,L492S,3.80
151,N537I,3.80
151,P553L,11.50
151,WT,38.60
152,A481V,25.00
152,WT,75.00
154,F483S,7.10
154,P574L,7.10
154,WT,85.80
156,F446I,66.60
156,P574L,16.70
156,WT,16.70
157,F446I,16.00
157,P574L,20.00
157,WT,64.00
158,F446I,7.10
158,P574L,7.10
158,WT,85.80
159,WT,100.00
160,C469Y,5.00
160,F446I,45.00
160,P574L,5.00
160,WT,45.00
161,WT,100.00
163,A676D,14.20
163,F446I,28.60
163,WT,57.20
165,WT,100.00
166,F446I,92.30
166,WT,7.70
167,F446I,100.00
168,WT,100.00
169,WT,100.00
170,WT,100.00
174,A578S,5.00
174,WT,95.00
175,A578S,2.20
175,WT,97.80
176,A578S,3.10
176,WT,96.90
177,F583Y,2.50
177,WT,97.50
178,A578S,2.00
178,WT,98.00
179,WT,100.00
180,WT,100.00
181,A578S,4.10
181,WT,95.90
182,E596G,3.80
182,F495L,3.80
182,N490H,3.80
182,N554H,3.80
182,N554K,3.80
182,WT,81.00
183,A578S,2.60
183,D464H,2.60
183,I526M,5.20
183,S477Y,2.60
183,WT,87.00
184,A578S,3.80
184,D464H,3.80
184,D464Y,3.80
184,D584E,3.80
184,I526M&A578S,3.80
184,L488S,3.80
184,WT,77.20
185,D464Y,9.50
185,D584E,9.50
185,S477Y&A504T,4.80
185,WT,76.20
188,V568M&V603I,1.10
188,WT,98.90
190,A557S,3.40
190,WT,96.60
191,WT,100.00
192,WT,100.00
193,A578S,0.20
193,C532S,0.20
193,T535M,0.20
193,WT,99.40
194,WT,100.00
195,D559N,1.30
195,V510M,1.30
195,WT,97.40
196,WT,100.00
197,A557S,1.00
197,WT,99.00
198,WT,100.00
199,WT,100.00
200,A578S,0.80
200,F583L,0.40
200,I601T,0.40
200,V589I,0.40
200,WT,98.00
205,A578S,0.90
205,Q613E,0.90
205,S522C,0.90
205,WT,97.30
206,S522C,1.80
206,WT,98.20
207,Q613E,3.40
207,WT,96.60
208,C473Y,1.30
208,E596K,1.30
208,WT,97.40
209,R561H,0.60
209,WT,99.40
210,A578S,1.20
210,WT,98.80
211,A557S,0.20
211,A578S,0.50
211,V534A,0.50
211,WT,98.80
212,E567K,0.40
212,Q613E,0.40
212,WT,99.20
214,A578S,2.00
214,WT,98.00
215,WT,100.00
216,WT,100.00
217,WT,100.00
218,WT,100.00
219,WT,100.00
220,R622I,11.10
220,WT,88.90
221,R622I,6.70
221,WT,93.30
222,WT,100.00
229,WT,100.00
235,WT,100.00
236,WT,100.00
237,WT,100.00
238,G625R,0.40
238,N499S,0.40
238,V454A,0.40
238,WT,98.80
239,WT,100.00
240,WT,100.00
241,WT,100.00
242,WT,100.00
243,A578S,1.10
243,V589I,1.10
243,WT,97.80
244,WT,100.00
246,WT,100.00
247,V666I,1.80
247,WT,98.20
248,WT,100.00
249,WT,100.00
252,A578S,1.00
252,WT,99.00
253,V566I,3.30
253,WT,96.70
254,C580F,0.90
254,C580Y,2.70
254,D584V,0.90
254,R539T,0.90
254,R575T,1.80
254,V692L,0.90
254,WT,91.90
256,C580Y,5.10
256,WT,94.90
257,WT,100.00
258,WT,100.00
259,WT,100.00
260,WT,100.00
261,WT,100.00
262,WT,100.00
263,WT,100.00
264,WT,100.00
265,WT,100.00
266,WT,100.00
267,WT,100.00
268,WT,100.00
269,WT,100.00
270,WT,100.00
271,WT,100.00
272,S549Y,6.30
272,WT,93.70
273,WT,100.00
274,WT,100.00
275,WT,100.00
276,WT,100.00
277,WT,100.00
278,WT,100.00
279,R561H,4.10
279,WT,95.90
280,G533A,2.60
280,WT,97.40
281,WT,100.00
282,A578S,5.00
282,WT,95.00
283,WT,100.00
284,A578S,1.20
284,WT,98.80
285,F446I,1.20
285,WT,98.80
286,M579T,3.10
286,WT,96.90
287,WT,100.00
288,M579T,5.30
288,WT,94.70
289,WT,100.00
290,WT,100.00
291,WT,100.00
292,WT,100.00
293,WT,100.00
294,WT,100.00
295,E643K,4.20
295,M608K,4.20
295,WT,91.60
296,WT,100.00
301,WT,100.00
302,A578S,2.40
302,WT,97.60
303,A578S,2.90
303,WT,97.10
304,A578S,0.70
304,M472V,0.70
304,WT,98.60
305,N554S,1.40
305,WT,98.60
306,WT,100.00
307,WT,100.00
309,WT,100.00
311,WT,100.00
313,A578S,1.70
313,S522C,0.80
313,WT,97.50
314,A569S,2.50
314,WT,97.50
315,A578S,6.30
315,WT,93.70
316,A569T,0.90
316,A578S,2.80
316,WT,95.40
316,Y630F,0.90
318,WT,100.00
319,C580Y,2.90
319,R539T,1.50
319,WT,95.60
320,L488M,2.20
320,WT,97.80
321,C580Y,53.80
321,R539T,23.10
321,WT,23.10
322,C580Y,6.10
322,WT,93.90
323,C580Y,40.80
323,R539T,4.10
323,WT,44.90
323,Y493H,10.20
324,C580Y,53.30
324,R539T,30.00
324,R539T&D559N,3.30
324,WT,13.40
325,C580Y,75.00
325,WT,25.00
326,C580Y,7.10
326,WT,92.90
328,WT,100.00
329,WT,100.00
330,WT,100.00
331,WT,100.00
332,WT,100.00
333,WT,100.00
334,WT,100.00
335,WT,100.00
336,WT,100.00
337,WT,100.00
338,WT,100.00
339,WT,100.00
340,WT,100.00
341,WT,100.00
342,WT,100.00
343,WT,100.00
344,WT,100.00
345,WT,100.00
346,WT,100.00
347,WT,100.00
348,WT,100.00
349,V589I,3.80
349,WT,96.20
350,WT,100.00
351,WT,100.00
357,V603I&WT,4.20
357,WT,95.80
358,E455K&C469W&G674E,3.70
358,G545E&WT,3.70
358,S477F&WT,3.70
358,WT,88.90
359,A578S,1.10
359,D501G,1.10
359,G548S,1.10
359,G595S,1.10
359,L463S,1.10
359,N499D,1.10
359,N554D,1.10
359,V487I,1.10
359,V581F,1.10
359,V589I,1.10
359,WT,89.00
360,F442L,1.20
360,WT,98.80
361,WT,100.00
362,A578S,1.10
362,WT,98.90
363,A578S,0.70
363,WT,99.30
364,WT,100.00
365,E596G,3.70
365,F495L,3.70
365,N490H,3.70
365,N554H,3.70
365,N554K,3.70
365,WT,81.50
367,V494I,4.00
367,WT,96.00
369,WT,100.00
370,F656I,1.10
370,WT,98.90
371,WT,100.00
372,WT,100.00
379,A675V,1.20
379,C469F,7.30
379,C580Y,1.20
379,F673I,4.90
379,G533A,6.10
379,N490T,2.40
379,N537I,11.00
379,P553L,1.20
379,P574L,8.50
379,R561H,13.40
379,WT,42.80
380,C580Y,14.30
380,F446I,28.60
380,L492S,14.30
380,WT,42.80
381,F446I,50.00
381,WT,50.00
383,F446I,12.70
383,P574L,7.00
383,P701R,1.40
383,R561H,2.80
383,WT,76.10
384,F446I,4.10
384,G449A,2.70
384,K438N,1.40
384,M476I,2.70
384,P441L,9.60
384,P574L,4.10
384,R561H,2.70
384,WT,72.70
385,C580Y,26.50
385,P574L,10.20
385,WT,63.30
387,A676D,1.00
387,F446I,25.80
387,P553L,1.00
387,P574L,1.00
387,WT,71.20
389,C580Y,8.00
389,M476V,2.00
389,N490T,2.00
389,T474I,4.00
389,WT,84.00
390,C580Y,47.20
390,E556D,0.90
390,P574L,8.40
390,WT,43.50
391,A675V,5.60
391,C580Y,31.40
391,G538V,7.40
391,R561H,3.70
391,WT,50.00
391,Y511H,1.90
392,F446I,75.00
392,WT,25.00
393,D516Y,4.10
393,G449A,2.00
393,K479I,2.00
393,P441L,2.00
393,R515T,4.10
393,WT,85.80
394,A569T,1.10
394,A675V,2.20
394,A676D,4.40
394,F446I,14.30
394,H719N,1.10
394,P443S,3.30
394,R411K,1.10
394,R561H,1.10
394,R575K,1.10
394,WT,70.30
395,F446I,7.70
395,P574L,92.30
395,WT,0.00
396,A675V,5.90
396,C580Y,23.60
396,G538V,2.90
396,WT,67.60
398,F446I,15.50
398,G538V,1.40
398,WT,83.10
399,A481V,4.80
399,C469F,2.40
399,C580Y,14.30
399,D452E,2.40
399,G496F,2.40
399,M476I,11.90
399,N458Y,4.80
399,N537I,2.40
399,R528T,2.40
399,R539T,2.40
399,R575K,2.40
399,WT,47.40
400,A676D,2.30
400,F446I,41.90
400,P443S,2.30
400,P574L,2.30
400,WT,51.20
401,F446I,56.50
401,P574L,4.30
401,WT,39.20
402,G449A,1.60
402,N554L,1.60
402,P574L,1.60
402,WT,95.20
404,G449A,16.70
404,S485N,16.70
404,WT,66.60
405,WT,100.00
406,P574L,3.20
406,WT,96.80
407,A676D,4.30
407,F446I,25.70
407,G533A,1.40
407,H719N,2.90
407,P574L,1.40
407,WT,64.30
408,G449A,50.00
408,S485N,50.00
409,C469F,0.30
409,C580Y,12.20
409,D452E,0.30
409,F446I,9.00
409,F614L,0.30
409,G449A,0.70
409,G538V,6.60
409,K438N,0.30
409,M476I,4.50
409,N458I,0.70
409,N490T,0.30
409,N537I,4.50
409,P441L,1.00
409,P527H,0.30
409,P574L,2.10
409,R561H,2.80
409,R575K,1.70
409,WT,52.40
410,A676D,0.60
410,F446I,11.60
410,G538V,1.70
410,P574L,7.20
410,R561H,2.80
410,WT,76.10
411,F446I,12.50
411,R561H,25.00
411,WT,62.50
412,G449A,3.40
412,P574L,3.40
412,WT,93.20
413,A675V,4.30
413,A676D,4.30
413,F446I,28.30
413,P443S,6.50
413,R561H,2.20
413,WT,54.40
414,F446I,4.80
414,P574L,61.90
414,WT,33.30
419,WT,100.00
420,F446I,24.60
420,R561H,12.30
420,WT,63.10
421,F446I,25.40
421,N458Y,11.10
421,P553L,1.60
421,R561H,9.50
421,S459L,1.60
421,WT,50.80
423,A676D,6.20
423,C580Y,5.20
423,F446I,56.70
423,G453D,1.00
423,Q661R,1.00
423,S485N,2.10
423,V692L,1.00
423,WT,26.80
426,A676D,1.00
426,F446I,61.10
426,N458Y,1.00
426,R561H,1.00
426,V692L,4.20
426,WT,31.70
427,WT,100.00
428,WT,100.00
429,A578S,1.40
429,WT,98.60
430,A578S,0.50
430,M472I,0.30
430,P570L,0.30
430,P615S,0.30
430,WT,98.30
430,Y558C,0.30
432,WT,100.00
433,WT,100.00
435,WT,100.00
436,WT,100.00
437,WT,100.00
438,WT,100.00
439,WT,100.00
440,WT,100.00
441,WT,100.00
442,WT,100.00
443,WT,100.00
444,WT,100.00
445,WT,100.00
446,WT,100.00
447,WT,100.00
448,WT,100.00
450,WT,100.00
451,WT,100.00
452,A578V,0.90
452,WT,99.10
453,WT,100.00
454,A578S,1.40
454,C469F,1.40
454,V487I,1.40
454,WT,95.80
455,P667R,0.70
455,R561H,0.70
455,V555A,3.00
455,WT,95.60
460,WT,100.00
461,WT,100.00
462,WT,100.00
463,WT,100.00
464,N554H,1.10
464,Q613H,1.10
464,V637I,3.30
464,WT,94.50
467,G592R,6.70
467,WT,93.30
468,WT,100.00
469,WT,100.00
470,WT,100.00
471,WT,100.00
473,WT,100.00
474,WT,100.00
475,WT,100.00
498,P574L,16.70
498,WT,83.30
499,C580Y,25.00
499,P527H,8.30
499,WT,66.70
500,C580Y,34.80
500,G449A,15.20
500,R539T,8.70
500,WT,28.30
500,Y493H,13.00
501,WT,100.00
502,WT,100.00
503,A481V,1.10
503,A675V,14.30
503,C580Y,15.40
503,F614L,1.10
503,G538V,11.00
503,N458Y,7.70
503,N525D,1.10
503,N537I,2.20
503,P441L,5.50
503,P441L&N725Y,1.10
503,P553L,2.20
503,R561H,4.40
503,WT,32.90
504,C580Y,33.30
504,G449A,16.70
504,P441L,5.60
504,P574L,11.10
504,R539T,5.60
504,WT,27.70
505,C580Y,33.30
505,R539T,54.60
505,WT,9.10
505,Y493H,3.00
506,A675V,4.40
506,C580Y,44.40
506,G538V,6.70
506,P574L,8.90
506,R539T,4.40
506,R561H,2.20
506,WT,29.00
507,C580Y,65.10
507,P574L,9.30
507,WT,25.60
508,WT,100.00
509,unspecified,77.60
509,WT,22.40
510,A481V,7.70
510,N458Y,23.10
510,R561H,38.50
510,WT,30.70
512,C580Y,40.00
512,WT,60.00
513,P574L,66.70
513,WT,33.30
514,C580Y,20.00
514,N537I,10.00
514,R561K,30.00
514,WT,40.00
515,C580Y,81.50
515,G449A,3.70
515,WT,14.80
517,A578S,1.20
517,S522C,0.60
517,WT,98.20
518,A557S,0.60
518,A578S,0.60
518,S522C,0.60
518,WT,98.20
520,A578S,0.60
520,C532S,0.60
520,S522C,0.60
520,WT,98.20
522,A578S,0.80
522,A617T,0.80
522,I465T,0.80
522,L619S,0.80
522,V637D,0.80
522,WT,95.20
522,Y558H,0.80
524,A578S,1.60
524,WT,98.40
526,WT,100.00
527,WT,100.00
528,WT,100.00
529,G533C,1.70
529,S522R,1.70
529,WT,96.60
530,A578S,1.90
530,S522C,1.90
530,WT,96.20
533,S576L,1.10
533,WT,98.90
543,C580Y,4.50
543,I543T,13.50
543,P553L,8.30
543,P574L,0.80
543,V568G,9.00
543,WT,63.10
543,Y493H,0.80
544,C580Y,6.80
544,I543T,9.70
544,P553L,1.90
544,R539T,3.90
544,V568G,1.90
544,WT,72.90
544,Y493H,2.90
545,WT,100.00
546,C580Y,50.00
546,WT,35.70
546,Y493H,14.30
547,C580Y,52.20
547,E605K,4.30
547,I543T,4.30
547,P553L,4.30
547,T474I&V520I,2.20
547,WT,23.90
547,Y493H,8.80
548,C580Y,5.40
548,I543T,5.40
548,K503N,8.10
548,P553L,18.90
548,T474I,2.70
548,V568G,5.40
548,WT,54.10
549,I543T,80.70
549,WT,18.00
549,Y493H,1.30
550,P475L,1.50
550,P527H,1.50
550,WT,97.00
551,C580Y,10.80
551,P553L,19.60
551,WT,69.60
552,C580Y,32.70
552,I543T,5.50
552,P553L,20.00
552,P553L/C580Y,1.80
552,V454I,1.80
552,WT,38.20
553,C580Y,16.70
553,I543T,16.70
553,N458Y,8.30
553,WT,58.30
554,C580Y,72.70
554,WT,27.30
556,WT,100.00
557,A578S,0.40
557,C542G,0.40
557,D512N,0.40
557,E596K,0.40
557,F491S,0.40
557,F583L,0.40
557,G484R,0.40
557,G533S,0.40
557,G548D,0.40
557,G639S,0.40
557,N531Y,0.40
557,R515K,0.40
557,R622I,0.40
557,V494L,0.40
557,WT,94.40
558,WT,100.00
560,S700L,2.60
560,WT,97.40
561,WT,100.00
562,WT,100.00
563,WT,100.00
564,WT,100.00
565,WT,100.00
566,WT,100.00
567,WT,100.00
568,C580Y,8.80
568,WT,91.20
569,WT,100.00
570,WT,100.00
571,C580Y,0.50
571,WT,99.50
572,C580Y,0.60
572,WT,99.40
573,WT,100.00
574,C580Y,88.80
574,N489D&K503E&A582T,1.20
574,WT,10.00
575,C580Y,80.90
575,R539T,2.40
575,WT,16.70
576,C580Y,50.00
576,WT,46.40
576,Y519H&C580Y,3.60
577,C580Y,2.50
577,WT,97.50
578,C580Y,21.60
578,WT,78.40
579,C580Y,8.30
579,WT,91.70
580,C580Y,96.60
580,WT,3.40
581,C580Y,33.30
581,WT,66.70
582,C580Y,13.80
582,P574L,1.70
582,WT,84.50
583,C580Y,60.20
583,WT,39.80
584,C580Y,91.40
584,WT,8.60
585,C580Y,3.60
585,WT,60.70
585,Y493H,35.70
586,C580Y,14.30
586,WT,61.60
586,Y493H,23.20
586,Y493H&C580Y,0.90
587,C580Y,48.30
587,R539T,3.40
587,WT,48.30
588,C580Y,67.00
588,R539T,6.60
588,R539T/C580Y,1.10
588,WT,24.20
588,Y493H,1.10
589,C580Y,33.30
589,WT,66.70
590,C580Y,56.10
590,R539T,12.10
590,R539T/C580Y,1.50
590,WT,30.30
591,C580Y,64.30
591,WT,35.70
592,C580Y,63.60
592,R539T,8.60
592,R539T/C580Y,1.20
592,WT,26.60
593,WT,100.00
594,M476I,1.00
594,V566I,1.00
594,WT,98.00
595,WT,100.00
596,WT,100.00
597,G533A,6.20
597,WT,93.80
598,WT,100.00
599,WT,100.00
600,WT,100.00
601,E605K,2.70
601,S459L,1.30
601,WT,96.00
602,WT,100.00
603,WT,100.00
604,E605K,2.80
604,P441L,1.40
604,P553L,1.40
604,WT,94.40
605,WT,100.00
607,WT,100.00
608,C580Y,9.00
608,M476I,2.00
608,P574L,5.00
608,P667T,5.00
608,WT,79.00
609,WT,100.00
611,unspecified,85.60
611,WT,14.40
612,C580Y,25.00
612,P574L,25.00
612,WT,50.00
613,unspecified,56.70
613,WT,43.30
614,R471P,0.80
614,WT,98.40
614,Y519H,0.80
616,G639D,0.90
616,T508A&N537S,0.90
616,WT,98.20
617,WT,100.00
619,F446I,3.70
619,R561H,34.60
619,WT,61.70
620,A675V,8.20
620,C580Y,4.90
620,K438N,6.60
620,M476I,4.90
620,N458Y,8.20
620,P441L,1.60
620,P527H,3.30
620,P574L,3.30
620,P667T,3.30
620,R561H,4.90
620,WT,50.80
621,A675V,4.50
621,C580Y,22.70
621,F446I,2.30
621,G538V,9.10
621,N458Y,9.10
621,P441L,9.10
621,R561H,2.30
621,WT,40.90
624,A675V,5.60
624,C580Y,26.60
624,G533A,1.40
624,G538V,7.00
624,M476I,0.70
624,N458Y,5.60
624,N537I,2.10
624,P441L,4.90
624,P667Q,0.70
624,R561H,10.50
624,WT,34.20
624,Y511H,0.70
625,A675V,4.80
625,C580Y,32.30
625,G449A,1.60
625,G538V,4.80
625,K479I,6.50
625,M476I,3.20
625,N458Y,9.70
625,P441L,4.80
625,P574L,6.50
625,R561H,3.20
625,WT,22.60
626,C580Y,73.90
626,R539T,19.30
626,WT,6.80
627,C580Y,100.00
628,WT,100.00
629,WT,100.00
630,WT,100.00
631,WT,100.00
632,C580Y,11.10
632,F446I,11.10
632,P574L,33.30
632,WT,44.50
633,F446I,5.90
633,F495L,5.90
633,M476I,5.90
633,R561H,11.80
633,WT,70.50
634,C580Y,41.50
634,P574L,26.80
634,WT,31.70
635,C580Y,13.30
635,F446I,8.90
635,G538V,6.70
635,M476I,2.20
635,N458Y,6.70
635,P441L,2.20
635,R561H,4.40
635,R575K,2.20
635,WT,53.40
636,C580Y,70.60
636,E556D,2.00
636,P574L,3.90
636,WT,23.50
637,C580Y,44.10
637,P441L,2.90
637,P574L,26.50
637,WT,26.50
638,C580Y,66.70
638,R539T,33.30
639,WT,100.00
640,C580Y,66.70
640,R539T,33.30
641,C580Y,94.70
641,WT,5.30
642,WT,100.00
643,WT,100.00
644,unspecified,68.90
644,WT,31.10
645,unspecified,25.40
645,WT,74.60
646,unspecified,2.90
646,WT,97.10
647,unspecified,78.60
647,WT,21.40
648,unspecified,83.30
648,WT,16.70
650,unspecified,8.70
650,WT,91.30
651,unspecified,15.20
651,WT,84.80
652,C580Y,92.20
652,R539T,0.60
652,WT,5.30
652,Y493H,1.90
653,A486V,0.50
653,C469F,0.50
653,C580Y,6.20
653,D584V,1.00
653,E556D,0.50
653,I543T,0.50
653,R539T,1.00
653,WT,89.30
653,Y493H,0.50
654,unspecified,7.70
654,WT,92.30
655,C580Y,27.80
655,P553L,5.60
655,S485N,5.60
655,WT,61.00
656,unspecified,40.00
656,WT,60.00
657,C580Y,38.50
657,I646L,3.80
657,N664S,3.80
657,R539T,19.20
657,WT,34.70
658,unspecified,81.60
658,WT,18.40
659,C580Y,84.70
659,R539T,15.30
660,C580Y,64.80
660,R539T,29.70
660,WT,5.50
661,C580Y,100.00
662,C580Y,91.70
662,WT,8.30
663,C580Y,84.20
663,WT,11.90
663,Y493H,3.90
665,C580Y,100.00
666,C580Y,100.00
667,C580Y,89.50
667,WT,10.50
668,C580Y,97.90
668,WT,2.10
669,C580Y,71.70
669,P553L,1.70
669,WT,26.60
670,C580Y,80.40
670,R539T,2.20
670,WT,17.40
671,C580Y,100.00
672,C580Y,100.00
673,C580Y,75.40
673,WT,24.60
674,C580Y,64.10
674,WT,35.90
676,C580Y,5.30
676,F446I,13.10
676,G449A,5.90
676,P441L,2.00
676,P553L,3.30
676,P574L,0.70
676,R561H,3.90
676,unspecified,13.80
676,WT,52.00
678,WT,100.00
679,WT,100.00
680,WT,100.00
681,WT,100.00
682,WT,100.00
689,A578S,1.70
689,WT,98.30
690,A578S,0.90
690,I646T,2.70
690,WT,96.40
692,A578S,0.90
692,WT,99.10
694,A578S,4.50
694,C532S,4.50
694,WT,91.00
695,WT,100.00
696,A504V,2.60
696,WT,97.40
697,WT,100.00
698,WT,100.00
699,WT,100.00
700,WT,100.00
701,F628L,4.00
701,I552M,4.00
701,Q467H,4.00
701,S466I,4.00
701,WT,84.00
702,D464N,2.40
702,S549P,2.40
702,WT,95.20
703,A557S,2.50
703,V520I&V637I,0.80
703,V603I,0.80
703,WT,95.90
705,R622I,7.80
705,WT,92.20
706,R622I,16.70
706,WT,83.30
707,WT,100.00
708,WT,100.00
709,K503W,1.20
709,R622I,8.20
709,WT,90.60
710,A504V,3.40
710,A578S,3.40
710,V494A,3.40
710,WT,89.80
711,WT,100.00
712,WT,100.00
713,V494A,3.40
713,WT,96.60
714,WT,100.00
715,WT,100.00
716,WT,100.00
717,WT,100.00
718,WT,100.00
724,P475S,1.60
724,P553S,1.60
724,WT,96.80
725,WT,100.00
726,WT,100.00
727,WT,100.00
728,WT,100.00
729,WT,100.00
731,WT,100.00
732,WT,100.00
733,WT,100.00
734,WT,100.00
735,WT,100.00
736,WT,100.00
737,WT,100.00
738,WT,100.00
739,C473Y,3.00
739,WT,97.00
740,WT,100.00
741,WT,100.00
742,A557T,7.70
742,WT,92.30
743,WT,100.00
744,G638R,4.00
744,WT,96.00
745,WT,100.00
746,WT,100.00
747,WT,100.00
748,E509D,11.00
748,R513P,11.00
748,S679L,11.00
748,WT,67.00
749,P615L,4.50
749,P701L,4.50
749,V637I,4.50
749,WT,86.50
750,WT,100.00
751,WT,100.00
752,WT,100.00
753,WT,100.00
754,WT,100.00
755,G533D,0.50
755,N523I,0.50
755,WT,99.00
756,WT,100.00
759,R622I,1.10
759,WT,98.90
760,WT,100.00
761,R622I,4.50
761,V581I,1.50
761,WT,94.00
763,A626S,1.20
763,WT,98.80
764,A578S,2.90
764,S600F,1.40
764,WT,95.70
766,WT,100.00
768,C580Y,77.50
768,R539T,11.70
768,WT,10.80
769,A481V,5.90
769,C580Y,11.70
769,R539T,5.90
769,WT,70.60
769,Y493H,5.90
772,C580Y,3.10
772,F446I,31.20
772,M476I,3.10
772,R561H,6.20
772,WT,56.40
775,WT,100.00
776,WT,100.00
777,WT,100.00
785,WT,100.00
786,WT,100.00
787,C580Y,5.40
787,F446I,10.50
787,G449A,3.50
787,G533S,8.50
787,M476I,6.20
787,P441L,2.30
787,P574L,1.60
787,R539T,0.40
787,R561H,9.30
787,unspecified,13.20
787,WT,39.10
788,C580Y,11.10
788,G533S,9.90
788,M476I,1.20
788,P441L,9.90
788,P574L,7.40
788,R561H,2.50
788,unspecified,22.20
788,WT,35.80
789,WT,100.00
790,WT,100.00
791,WT,100.00
792,WT,100.00
793,C580Y,3.40
793,F446I,14.00
793,G449A,5.10
793,G533S,0.70
793,M476I,4.10
793,P441L,13.40
793,R561H,4.80
793,unspecified,13.70
793,WT,40.80
794,WT,100.00
795,C580Y,6.80
795,F446I,10.80
795,R561H,29.70
795,WT,52.70
797,F446I,6.70
797,WT,93.30
798,WT,100.00
799,C580Y,100.00
802,WT,100.00
803,E556D,0.80
803,F446I,32.00
803,F495L,0.80
803,N458Y,0.80
803,P553L,1.60
803,P574L,1.60
803,Q467H,0.80
803,R561H,0.80
803,WT,60.80
804,F446I,75.00
804,P574L,6.30
804,WT,18.70
806,C580Y,4.10
806,I543T,10.20
806,P553L,6.10
806,P574L,0.70
806,T474I,0.70
806,V568G,2.70
806,WT,74.80
806,Y493H,0.70
807,WT,100.00
808,C580Y,7.40
808,I543T,11.00
808,P553L,15.40
808,P574L,1.50
808,R539T,2.20
808,V568G,5.10
808,WT,56.70
808,Y493H,0.70
809,C580Y,10.00
809,I543T,2.00
809,P553L,12.00
809,WT,62.00
809,Y493H,14.00
810,A578S,16.70
810,F446I,50.00
810,WT,33.30
811,C469Y,20.00
811,P574L,10.00
811,WT,70.00
812,C580Y,5.30
812,I543T,2.60
812,P553L,11.80
812,WT,67.10
812,Y493H,13.20
813,C580Y,4.60
813,I543T,4.60
813,P553L,6.20
813,WT,63.10
813,Y493H,21.50
814,I543T,1.30
814,WT,93.50
814,Y493H,5.20
815,C580Y,8.30
815,I543T,2.10
815,P553L,4.20
815,WT,72.90
815,Y493H,12.50
817,C580Y,38.50
817,I543T,1.50
817,P553L,3.10
817,WT,55.40
817,Y493H,1.50
818,C580Y,3.60
818,WT,92.80
818,Y493H,3.60
819,C580Y,36.00
819,P553L,3.50
819,WT,60.50
820,C580Y,24.60
820,P553L,15.80
820,P574L,1.70
820,R539T,3.50
820,V568G,3.50
820,WT,50.90
822,C580Y,66.70
822,WT,25.90
822,Y493H,7.40
823,C580Y,3.60
823,WT,96.40
826,C580Y,3.80
826,WT,96.20
827,C580Y,97.40
827,WT,2.60
828,C469F,7.10
828,C580Y,53.60
828,P553L,10.70
828,WT,28.60
829,C580Y,92.30
829,WT,7.70
830,C469F,4.70
830,C580Y,46.90
830,K503N,1.60
830,P553L,4.70
830,WT,42.10
831,C580Y,3.40
831,WT,96.60
832,C580Y,3.60
832,WT,96.40
833,P553L,66.70
833,WT,33.30
834,C580Y,97.70
834,WT,2.30
835,C580Y,96.10
835,WT,3.90
839,C580Y,82.50
839,R539T,0.80
839,WT,16.70
840,C580Y,82.40
840,WT,15.80
840,Y493H,1.80
841,C580Y,71.00
841,WT,29.00
842,C580Y,87.50
842,R539T,1.30
842,WT,11.20
843,C580Y,92.10
843,WT,7.90
844,C580Y,47.50
844,R539T,3.30
844,WT,49.20
845,C580Y,77.20
845,WT,5.30
845,Y493H,17.50
846,C580Y,63.60
846,WT,36.40
847,C580Y,53.40
847,WT,44.30
847,Y493H,2.30
848,C580Y,66.10
848,WT,14.50
848,Y493H,19.40
849,C580Y,37.70
849,R539T,1.90
849,WT,60.40
850,C580Y,82.60
850,WT,17.40
854,WT,100.00
855,WT,100.00
856,WT,100.00
857,WT,100.00
859,WT,100.00
860,C580Y,1.20
860,WT,98.80
861,C580Y,61.50
861,I543T,3.80
861,P553L,7.70
861,WT,27.00
862,C469P,7.70
862,C580Y,23.10
862,P553L,30.80
862,V568G,7.70
862,WT,30.70
863,C580Y,21.40
863,C580Y&P553L,7.10
863,P553L,39.30
863,WT,32.20
864,WT,100.00
865,C580Y,75.80
865,WT,24.20
866,C580Y,15.00
866,WT,85.00
867,WT,100.00
868,WT,100.00
869,WT,100.00
870,C580Y,1.80
870,WT,98.20
871,WT,100.00
872,A578S,0.90
872,A626V,0.90
872,M562T,0.90
872,WT,96.40
872,Y541F,0.90
873,WT,100.00
874,R622I,0.80
874,T535M,0.80
874,WT,98.40
875,WT,100.00
876,R622I,6.90
876,WT,93.10
877,R622I,8.80
877,WT,91.20
878,K658E,1.40
878,R622I,8.20
878,WT,90.40
879,A578S,2.40
879,WT,97.60
880,A578S,7.10
880,WT,92.90
882,A578S,2.60
882,WT,97.40
883,R622I,11.00
883,WT,89.00
884,WT,100.00
885,WT,100.00
886,WT,100.00
887,WT,100.00
888,WT,100.00
889,WT,100.00
890,A578S,1.50
890,WT,98.50
891,G453S,1.60
891,WT,98.40
892,WT,100.00
893,WT,100.00
895,WT,100.00
896,WT,100.00
897,WT,100.00
898,WT,100.00
907,WT,100.00
908,WT,100.00
909,WT,100.00
910,WT,100.00
911,WT,100.00
912,C580Y,99.30
912,WT,0.70
913,C580Y,88.40
913,WT,11.60
916,A504D,1.20
916,WT,98.80
917,WT,100.00
919,M476K,1.90
919,WT,98.10
920,S522C,4.50
920,WT,95.50
921,E509D,1.60
921,N523T,1.60
921,WT,96.80
922,E509D,1.60
922,V520A,3.20
922,WT,95.20
923,F495L,3.20
923,V520A,3.20
923,WT,93.60
924,WT,100.00
925,WT,100.00
926,WT,100.00
927,WT,100.00
928,A578S,0.90
928,WT,99.10
929,WT,100.00
932,A578S,1.70
932,D641G,1.70
932,WT,96.60
933,A578S,3.70
933,V637I,3.70
933,WT,92.60
934,A578S,0.60
934,E433D,0.60
934,WT,98.80
935,A578S,0.60
935,WT,99.40
936,WT,100.00
940,WT,100.00
941,WT,100.00
942,WT,100.00
943,V589I,0.80
943,WT,99.20
944,H644L,1.30
944,WT,98.70
945,WT,100.00
946,WT,100.00
947,R529K,1.00
947,T535M,1.00
947,WT,98.00
948,F446I,0.90
948,G625R,9.30
948,N672S,1.80
948,R539T,3.10
948,WT,84.90
949,WT,100.00
950,WT,100.00
951,WT,100.00
952,WT,100.00
953,C447R,8.30
953,C580Y,66.70
953,WT,25.00
954,C580Y,13.80
954,WT,86.20
955,C580Y,23.90
955,F446I,2.20
955,P574L,4.30
955,WT,69.60
956,C580Y,4.10
956,F446I,39.60
956,WT,56.30
959,WT,100.00
960,WT,100.00
961,C580Y,5.50
961,WT,94.50
964,WT,100.00
966,A621V,0.90
966,N594K,0.90
966,WT,98.20
968,E620G,1.30
968,R561H,1.30
968,WT,97.40
969,WT,100.00
970,WT,100.00
971,WT,100.00
972,H366L&C447Y&V510G,25.00
972,WT,75.00
973,C580Y,12.50
973,N554S&I590T,12.50
973,WT,75.00
974,C580Y,40.30
974,WT,59.70
975,WT,100.00
976,C580Y,100.00
977,WT,100.00
978,C580Y,46.10
978,WT,53.90
979,P574L,16.70
979,WT,83.30
980,WT,100.00
981,C580Y,20.00
981,WT,80.00
982,C580Y,31.60
982,WT,68.40
983,WT,100.00
985,WT,100.00
986,WT,100.00
988,C580Y,63.00
988,WT,37.00
989,C580Y,92.50
989,C580Y&H697N,0.80
989,R561H&C580Y,0.80
989,WT,5.90
990,C580Y,100.00
992,F434Y&T437N,0.70
992,P443R,0.70
992,Q613E,0.70
992,V589I,0.70
992,WT,97.20
993,WT,100.00
994,WT,100.00
995,Q613E,2.60
995,WT,97.40
996,Q613E,4.30
996,WT,95.70
997,M579I,3.60
997,WT,96.40
998,A578S,2.50
998,WT,97.50
999,WT,100.00
1000,M579I,1.00
1000,Q613E,1.00
1000,R539T,1.00
1000,WT,97.00
1001,WT,100.00
1002,N694K,3.10
1002,WT,96.90
1003,A569T,1.50
1003,A578S,1.50
1003,P553L,1.50
1003,Q613E,1.50
1003,WT,94.00
1004,WT,100.00
1005,WT,100.00
1006,F662C&N664D,20.00
1006,WT,80.00
1007,WT,100.00
1008,WT,100.00
1009,WT,100.00
1010,WT,100.00
1011,WT,100.00
1012,C580Y,85.40
1012,R539T,1.10
1012,WT,13.50
1013,C580Y,95.30
1013,WT,3.10
1013,Y493H&C580Y,1.60
1014,C580Y,100.00
1015,C580Y,87.90
1015,WT,7.50
1015,Y493H,3.70
1015,Y493H&C580Y,0.90
1016,C580Y,76.90
1016,WT,23.10
1017,C580Y,57.10
1017,WT,19.10
1017,Y493H,23.80
1018,C580Y,12.50
1018,Y493H,87.50
1019,C580Y,25.00
1019,WT,75.00
1020,C580Y,71.20
1020,WT,28.80
1021,L457S,3.80
1021,WT,96.20
1022,WT,100.00
1023,WT,100.00
1024,A578S,1.10
1024,WT,98.90
1025,A578S,2.50
1025,K503E,2.50
1025,WT,95.00
1026,WT,100.00
1027,WT,100.00
1028,WT,100.00
1029,WT,100.00
1030,WT,100.00
1031,WT,100.00
1032,WT,100.00
1033,WT,100.00
1034,F446I,33.30
1034,WT,66.70
1035,A676D,12.50
1035,F446I,62.50
1035,WT,12.50
1035,Y541H,12.50
1036,A578S,6.30
1036,I634T,6.30
1036,WT,87.40
1037,WT,100.00
1038,WT,100.00
1039,WT,100.00
1040,WT,100.00
1041,WT,100.00
1042,V581I,33.30
1042,WT,66.70
1043,WT,100.00
1044,WT,100.00
1045,N694K,4.80
1045,WT,95.20
1046,WT,100.00
1047,V520I,2.20
1047,WT,97.80
1048,WT,100.00
1049,K610E,4.80
1049,WT,95.20
1050,Q613E,14.30
1050,WT,85.70
1051,WT,100.00
1052,A578S,1.70
1052,Q613E,0.80
1052,S695T,0.80
1052,WT,96.70
1053,WT,100.00
1054,A578S,3.70
1054,C469F,1.20
1054,D452N,1.20
1054,WT,93.90
1055,WT,100.00
1056,A578S&M579I,1.50
1056,D464N,1.50
1056,K658Q,1.50
1056,L663V,1.50
1056,M476I&V589I,1.50
1056,P574L,1.50
1056,WT,91.00
1057,WT,100.00
1058,A578S,1.30
1058,C469F,1.30
1058,C580F,1.30
1058,R575K,1.30
1058,WT,94.80
1059,WT,100.00
1060,WT,100.00
1061,WT,100.00
1062,WT,100.00
1063,WT,100.00
1064,R575K,33.30
1064,WT,66.70
1065,WT,100.00
1066,WT,100.00
1067,WT,100.00
1068,WT,100.00
1069,WT,100.00
1070,A578S,4.60
1070,L619E&A621S,4.60
1070,WT,90.80
1071,C542W,6.70
1071,N599Y,3.30
1071,WT,90.00
1072,K607E,2.40
1072,WT,97.60
1073,A627S,1.00
1073,K607E,1.00
1073,L422F,2.00
1073,N408S,1.00
1073,N599Y,1.00
1073,R515I,1.00
1073,R539I,2.00
1073,S466N,1.00
1073,WT,90.00
1074,K607E,2.50
1074,R539I,2.50
1074,S466N,2.50
1074,V637G,2.50
1074,WT,90.00
1075,L407R,3.50
1075,N599Y,1.20
1075,V637G,1.20
1075,WT,94.10
1076,C542W,0.40
1076,E606D,0.90
1076,K607E,0.40
1076,L422F,0.90
1076,N408S,0.90
1076,R515I,2.20
1076,R539I,0.90
1076,S466N,0.90
1076,WT,92.50
1077,S466N,3.80
1077,WT,96.20
1078,N599Y,3.80
1078,WT,96.20
1079,A627S,1.10
1079,N408S,1.10
1079,V637G,1.10
1079,WT,96.70
1080,WT,100.00
1081,D648N&N664D,4.30
1081,WT,95.70
1082,A481T,1.00
1082,A578S,1.00
1082,G665S,1.00
1082,T474I,1.00
1082,WT,96.00
1083,WT,100.00
1084,WT,100.00
1085,WT,100.00
1086,A578S,2.90
1086,WT,97.10
1087,WT,100.00
1088,D464E,2.00
1088,WT,98.00
1089,M562I,9.00
1089,WT,91.00
1090,WT,100.00
1091,WT,100.00
1092,E668K,1.40
1092,G453S,1.40
1092,G625E,1.40
1092,G690D,1.40
1092,G709D,1.40
1092,G718S,1.40
1092,WT,91.60
1093,A578S,1.10
1093,D464N,1.10
1093,E567K,1.10
1093,F662Y,1.10
1093,G496D,1.10
1093,G545R,1.10
1093,G548V,1.10
1093,N704T,1.10
1093,V637I,1.10
1093,WT,90.10
1094,K658R,1.10
1094,WT,98.90
1095,I683R,50.00
1095,WT,50.00
1096,WT,100.00
1097,C580Y,18.20
1097,WT,54.60
1097,Y493H,27.20
1098,WT,100.00
1099,D464N,4.50
1099,N629S,4.50
1099,WT,91.00
1100,WT,100.00
1101,WT,100.00
1102,WT,100.00
1103,V637I,1.10
1103,WT,98.90
1104,WT,100.00
1105,WT,100.00
1106,WT,100.00
1107,WT,100.00
1108,WT,100.00
1109,WT,100.00
1110,WT,100.00
1111,WT,100.00
1112,WT,100.00
1113,WT,100.00
1114,WT,100.00
1115,S522C,1.80
1115,WT,98.20
1116,A578S,0.90
1116,G638R,0.90
1116,WT,98.20
1117,WT,100.00
1118,WT,100.00
1119,WT,100.00
1120,WT,100.00
1121,WT,100.00
1122,WT,100.00
1123,R622I,8.30
1123,WT,91.70
1124,WT,100.00
1125,A578S,0.90
1125,A676D,2.60
1125,C469Y,0.90
1125,F446I,15.70
1125,G533A,0.90
1125,N458Y,1.70
1125,P443Q,0.90
1125,P574L,0.90
1125,S459L,0.90
1125,V581I,0.90
1125,V692F,0.90
1125,WT,72.80
1127,A676D,3.20
1127,P574L,41.90
1127,R561H,3.20
1127,WT,51.70
1131,F446I,33.30
1131,WT,66.70
1132,F446I,62.50
1132,N458Y,2.50
1132,WT,35.00
1133,F446I,55.90
1133,G533S,44.10
1134,F446I,11.10
1134,WT,85.20
1134,Y511H,3.70
1135,WT,100.00
1136,C580Y,3.60
1136,WT,96.40
1137,F446I,18.50
1137,R561H,18.50
1137,WT,63.00
1138,R561H,100.00
1139,A676D,3.80
1139,F446I,39.60
1139,P574L,5.70
1139,V454I,1.90
1139,WT,49.00
1141,WT,100.00
1142,WT,100.00
1143,WT,100.00
1144,M476I,1.60
1144,WT,98.40
1145,C532R,2.10
1145,Q613H,2.10
1145,WT,95.80
1146,G544R,1.80
1146,M579T&L631F,1.80
1146,WT,96.40
1147,WT,100.00
1148,A626T,1.40
1148,K610R,1.40
1148,WT,97.20
1149,WT,100.00
1150,P441S,1.70
1150,V650F,0.80
1150,WT,97.50
1151,WT,100.00
1152,WT,100.00
1153,WT,100.00
1154,R561H,100.00
1155,WT,100.00
1156,A626S,1.20
1156,V555A,1.20
1156,WT,97.60
1157,A675V,1.50
1157,D648H,1.50
1157,P574L,1.50
1157,WT,95.50
1158,C469Y,0.40
1158,E605K,0.40
1158,E651K,0.40
1158,M460I,0.40
1158,P574L,0.40
1158,P667R,1.10
1158,R513L,0.40
1158,R561H,7.30
1158,V555A,0.40
1158,WT,88.80
1159,A578S,0.40
1159,A626E,0.40
1159,G592E&V637I,0.40
1159,R575I,0.80
1159,V555A,0.40
1159,WT,97.60
1160,C469F,2.40
1160,G449A,1.20
1160,R561H,19.50
1160,WT,76.90
1161,P441L,1.90
1161,R561H,17.30
1161,WT,80.80
1162,C469F,1.20
1162,R561H,1.20
1162,WT,97.60
1163,R561H,100.00
1164,WT,100.00
1165,WT,100.00
1166,WT,100.00
1167,WT,100.00
1168,V637I,2.10
1168,WT,97.90
1169,WT,100.00
1170,A578S,16.70
1170,WT,83.30
1171,A578D,0.50
1171,C473F,0.50
1171,E556V,0.50
1171,G533V,0.50
1171,G592V,0.50
1171,G690C,0.50
1171,I587R,0.50
1171,P443Q,0.50
1171,P553I,0.50
1171,P570L,0.50
1171,R539I,0.50
1171,R597I,0.50
1171,V555L,0.50
1171,W518C,0.50
1171,W660C,0.50
1171,WT,92.50
1172,WT,100.00
1173,WT,100.00
1174,WT,100.00
1175,E556K&D648Y,4.20
1175,WT,95.80
1176,V603E,8.30
1176,WT,91.70
1177,WT,100.00
1178,WT,100.00
1179,R622I,100.00
1180,WT,100.00
1181,WT,100.00
1182,WT,100.00
1183,WT,100.00
1184,WT,100.00
1185,WT,100.00
1186,WT,100.00
1187,WT,100.00
1188,L488V,33.30
1188,Q613H,33.30
1188,WT,33.40
1189,WT,100.00
1190,WT,100.00
1191,WT,100.00
1192,WT,100.00
1193,WT,100.00
1194,C580Y,100.00
1195,WT,100.00
1196,WT,100.00
1197,V581A,2.20
1197,WT,95.60
1197,Y511H,2.20
1198,G625R,3.10
1198,WT,96.90
1199,A578S,3.10
1199,WT,93.80
1199,Y546H,3.10
1200,WT,100.00
1201,A578S,25.00
1201,WT,75.00
1202,WT,100.00
1203,WT,100.00
1204,C580Y,96.20
1204,WT,3.80
1205,WT,100.00
1206,WT,100.00
1207,WT,100.00
1208,WT,100.00
1209,WT,100.00
1210,N664D,100.00
1211,A578S,1.20
1211,WT,98.80
1212,WT,99.70
1212,Y588F,0.30
1214,WT,100.00
1215,WT,100.00
1216,M472V,5.90
1216,WT,94.10
1218,A569S,5.90
1218,WT,94.10
1220,WT,100.00
1221,WT,100.00
1222,A578S,5.90
1222,K563E,5.90
1222,WT,88.20
1223,WT,100.00
1224,WT,100.00
1225,E509G,7.00
1225,E620K,4.70
1225,N585K,2.30
1225,R622G,4.70
1225,WT,79.00
1225,Y616N,2.30
1226,V555A,5.90
1226,WT,94.10
1227,A578S,2.10
1227,N585K,2.10
1227,WT,95.80
1228,WT,100.00
1229,D584Y,4.90
1229,E509G,2.40
1229,N585K,9.80
1229,T677R,2.40
1229,V568G,2.40
1229,WT,78.10
1230,WT,100.00
1231,A578S,4.30
1231,A676V,2.10
1231,L678V,2.10
1231,N585K,10.60
1231,N609L,2.10
1231,T677R,2.10
1231,WT,76.70
1232,WT,100.00
1233,L505F,2.60
1233,L598F,2.60
1233,N530I,2.60
1233,N531I,2.60
1233,N585K,2.60
1233,P570L,2.60
1233,R539K,2.60
1233,S522R,2.60
1233,S536L,2.60
1233,T677A,2.60
1233,T677K,2.60
1233,WT,71.40
1234,WT,100.00
1235,E509G,2.90
1235,L505F,2.90
1235,N585K,2.90
1235,WT,91.30
1237,W611S,1.10
1237,WT,98.90
1242,WT,100.00
1244,A578S,0.70
1244,WT,99.30
1247,WT,100.00
1249,WT,100.00
1251,E612K,0.80
1251,V589I,0.80
1251,WT,98.40
1252,A578S,4.60
1252,C469W,2.30
1252,R513S,2.30
1252,WT,90.80
1253,WT,100.00
1255,Q613H,3.80
1255,WT,96.20
1257,WT,100.00
1259,A578S,3.00
1259,E612D,4.50
1259,I448M,1.50
1259,N554S,1.50
1259,S522C,1.50
1259,WT,88.00
1260,Q613H,2.60
1260,WT,97.40
1261,Q613H,6.70
1261,WT,93.30
1262,WT,100.00
1263,D464N,0.70
1263,Q613H,0.70
1263,WT,98.60
1264,WT,100.00
1265,A578S,33.30
1265,WT,66.70
1266,WT,100.00
1267,WT,100.00
1268,WT,99.20
1268,Y653N,0.80
1269,WT,100.00
1270,A578S,3.60
1270,WT,96.40
1278,WT,100.00
1279,A578S,2.50
1279,A675V,2.50
1279,W470R,2.50
1279,WT,92.50
1280,A578S,2.00
1280,K563E,1.00
1280,WT,97.00
1281,A578S,1.50
1281,S522C,1.50
1281,WT,97.00
1282,G533A,1.70
1282,I540T,1.70
1282,V555A,0.80
1282,WT,95.80
1283,C469Y,1.50
1283,P574L,1.50
1283,WT,97.00
1284,A569S,0.30
1284,A569T,0.30
1284,A578S,1.30
1284,A617T,0.30
1284,C469F,0.30
1284,I465T&L619S,0.30
1284,M472V,0.30
1284,N594K,0.30
1284,WT,96.30
1284,Y558H,0.30
1285,A578S,3.80
1285,WT,96.20
1286,A621S,0.50
1286,A675V,0.50
1286,C469Y,0.50
1286,M472V,0.50
1286,V666I,0.50
1286,WT,97.50
1287,A578S,1.90
1287,S522C,1.90
1287,WT,96.20
1288,A675V,4.80
1288,C469F,2.40
1288,C469Y,4.80
1288,G665S,2.40
1288,WT,85.60
1289,A578S,2.10
1289,WT,97.90
1290,A578S,4.70
1290,A675V,2.30
1290,WT,93.00
1291,A578S,4.20
1291,WT,95.80
1292,G533A,4.20
1292,I540T,4.20
1292,WT,91.60
1293,A675V,2.10
1293,C469F,2.10
1293,C469Y,2.10
1293,WT,93.70
1294,A675V,9.30
1294,C469F,4.70
1294,C469Y,4.70
1294,WT,81.30
1295,C469Y,2.20
1295,WT,97.80
1296,C469F,2.10
1296,WT,97.90
1297,A578S,0.70
1297,A617T,0.70
1297,I465T&L619S,0.70
1297,V637D,0.70
1297,WT,96.50
1297,Y558H,0.70
1298,A578S,1.40
1298,WT,98.60
1299,WT,100.00
1300,WT,100.00
1301,E556K,4.30
1301,WT,95.70
1302,WT,100.00
1303,WT,100.00
1304,WT,100.00
1305,L463S,4.30
1305,WT,95.70
1306,E602D,2.60
1306,M476I,2.60
1306,V510M,2.60
1306,WT,92.20
1307,G496S,2.40
1307,M562T,2.40
1307,WT,95.20
1308,WT,100.00
1309,WT,100.00
1310,WT,100.00
1311,WT,100.00
1312,A578S,1.10
1312,E433D,1.10
1312,WT,97.80
1313,R471S,1.10
1313,WT,98.90
1314,Q613E,2.20
1314,WT,97.80
1315,D648G,0.20
1315,F439S,0.20
1315,G449C,0.20
1315,G638R,0.20
1315,R471S,0.20
1315,R561H,0.20
1315,S485N,0.20
1315,W565C&A578S,0.20
1315,WT,98.40
1316,A578S,0.70
1316,WT,99.30
1317,A578S,0.90
1317,WT,99.10
1318,A578S,0.80
1318,N629Y,0.80
1318,V517I,1.60
1318,V589A,0.80
1318,WT,96.00
1319,P419S,0.30
1319,WT,99.70
1320,WT,100.00
1321,WT,100.00
1322,WT,100.00
1323,V494I,4.30
1323,WT,95.70
1324,A504T,0.60
1324,E606K,0.60
1324,Q661P,0.60
1324,Q661R,0.60
1324,R575T,0.60
1324,T677I,0.60
1324,WT,95.20
1324,Y541H,0.60
1324,Y635C,0.60
1325,A626T,3.30
1325,C542Y,3.30
1325,G625R,3.30
1325,WT,90.10
1326,F442F,6.70
1326,WT,93.30
1327,WT,100.00
1328,WT,100.00
1329,WT,100.00
1331,C580Y,80.00
1331,WT,10.00
1331,Y493H,10.00
1332,C580Y,43.30
1332,WT,56.70
1333,C580Y,83.30
1333,R539T,16.70
1334,C580Y,18.20
1334,WT,72.70
1334,Y493H,9.10
1335,C580Y,45.40
1335,WT,54.50
1336,C580Y,50.00
1336,WT,50.00
1337,C580Y,80.00
1337,WT,20.00
1338,C469F,6.70
1338,C580Y,62.20
1338,P553L,6.70
1338,WT,13.30
1338,Y511H,11.10
1339,C580Y,100.00
1340,C580Y,100.00
1341,C580Y,100.00
1342,C580Y,75.90
1342,WT,24.10
1350,WT,100.00
1351,WT,100.00
1352,WT,100.00
1353,WT,100.00
1354,WT,100.00
1355,WT,100.00
1356,WT,100.00
1357,C469F,25.00
1357,WT,75.00
1358,WT,100.00
1359,WT,100.00
1360,WT,100.00
1361,WT,100.00
1362,V692L,7.10
1362,WT,92.90
1363,WT,100.00
1364,A696V,16.70
1364,WT,83.30
1365,S459T,50.00
1365,WT,50.00
1366,WT,100.00
1367,WT,100.00
1368,D641N,2.00
1368,WT,98.00
1369,WT,100.00
1370,A578S,2.50
1370,A676S,5.00
1370,F446I,2.50
1370,R539I,6.30
1370,S466N,1.30
1370,WT,82.40
1371,G625V,1.40
1371,WT,98.60
1372,A676S,1.20
1372,E461D,1.20
1372,G690V,1.20
1372,I540S,1.20
1372,K479N,1.20
1372,M460I,2.40
1372,S550Y,1.20
1372,WT,90.40
1373,G690V,1.40
1373,K479N,1.40
1373,V494I,1.40
1373,WT,95.80
1374,C532S,1.20
1374,I587S,1.20
1374,I634L,1.20
1374,N531K,1.20
1374,P553T,1.20
1374,S549A,1.20
1374,S550Y,1.20
1374,S577A,1.20
1374,W565L,1.20
1374,WT,89.20
1375,G690V,1.00
1375,S522C,1.00
1375,V566I,1.00
1375,WT,96.00
1375,Y482H,1.00
1376,G690V,3.80
1376,Q613H,1.30
1376,S549T,1.30
1376,S550Y,1.30
1376,W470E,1.30
1376,WT,91.00
1377,A578S,1.90
1377,S522C,0.60
1377,WT,97.50
1378,A578S,2.40
1378,C580Y,1.20
1378,D584I,1.20
1378,G496S,1.20
1378,I543V,1.20
1378,R539F,1.20
1378,V566K,1.20
1378,WT,90.40
1379,E433G,2.00
1379,E688K,2.00
1379,F434I,4.10
1379,F434S,2.00
1379,I684N,2.00
1379,I684T,2.00
1379,WT,85.90
1380,WT,100.00
1381,A578S,1.40
1381,WT,98.60
1382,A578S,0.80
1382,A675V,5.50
1382,C469F,0.30
1382,C469Y,3.40
1382,F442L,0.60
1382,L713F,0.40
1382,P441L,0.30
1382,R539T,0.40
1382,R561H,0.10
1382,WT,88.20
1384,A578S,1.50
1384,A675V,1.50
1384,C469F,1.50
1384,G533A,1.50
1384,R561H,4.50
1384,V555A,1.50
1384,WT,88.00
1385,A481C,1.00
1385,A621G,1.00
1385,E455G,1.90
1385,L618V,1.90
1385,L663I,1.00
1385,N458D,1.90
1385,N672I,1.90
1385,T535A,1.00
1385,WT,87.40
1385,Y616S,1.00
1386,A675V,2.30
1386,C469F,0.50
1386,C469Y,1.60
1386,F442L,0.70
1386,L713F,0.20
1386,P441L,0.20
1386,R561H,0.20
1386,WT,94.30
1387,A578S,1.20
1387,A675V,7.10
1387,C469Y,4.10
1387,F442L,0.40
1387,L713F,0.40
1387,P441L,0.20
1387,R539T,0.60
1387,WT,86.00
1388,WT,100.00
1389,WT,100.00
1390,WT,100.00
1391,WT,100.00
1392,C580Y,2.20
1392,WT,97.80
1393,F446I,25.00
1393,P574L,25.00
1393,WT,50.00
1394,F446I,83.40
1394,V589G,8.30
1394,WT,8.30
1395,WT,100.00
1396,F446I,35.70
1396,Q661I,7.10
1396,WT,57.20
1397,WT,100.00
1398,WT,100.00
1399,WT,100.00
1400,E606D,0.70
1400,T535M,0.70
1400,WT,98.60
1401,A557S,0.90
1401,Q613E,0.90
1401,WT,98.20
1402,E606D,0.90
1402,R539K,0.90
1402,WT,98.20
1403,E567K,3.60
1403,V494I,3.60
1403,WT,92.80
1404,A578S,2.60
1404,R539K,2.60
1404,WT,94.80
1405,G544R,5.60
1405,WT,94.40
1406,C469Y,11.60
1406,E620K,1.20
1406,G533A&A578S,1.20
1406,P475S,1.20
1406,Q654R,1.20
1406,WT,83.60
1407,C469Y,18.50
1407,WT,80.20
1407,Y630F,1.30
1408,WT,100.00
1409,A569T,0.20
1409,A578S,0.40
1409,I646K,0.20
1409,M579I,0.40
1409,P443R,0.20
1409,P553L,0.20
1409,Q613E,1.10
1409,R539T,0.20
1409,V589I,0.20
1409,WT,96.90
1410,WT,100.00
1411,L457S,1.90
1411,WT,98.10
1412,WT,100.00
1413,WT,100.00
1414,A578S,2.90
1414,I634T,2.90
1414,WT,94.20
1415,WT,100.00
1416,Q613E,3.10
1416,WT,96.90
1417,A578S,1.80
1417,A578T,0.40
1417,C469F,0.90
1417,C580F,0.40
1417,D452N,0.40
1417,M476I,0.40
1417,M579I,0.40
1417,P574L,0.40
1417,R575K,0.40
1417,V589I,0.40
1417,WT,94.10
1418,WT,100.00
1419,WT,100.00
1420,A578S,1.50
1420,WT,98.50
1421,A578S,1.80
1421,M562I,1.80
1421,WT,96.40
1422,I683R,16.70
1422,WT,83.30
1423,WT,100.00
1424,WT,100.00
1425,WT,100.00
1426,WT,100.00
1427,WT,100.00
1428,WT,100.00
1429,WT,100.00
1430,WT,100.00
1431,WT,100.00
1432,WT,100.00
1433,A578S,12.50
1433,WT,87.50
1434,L488V,0.50
1434,Q613E,0.50
1434,WT,99.00
1435,WT,100.00
1436,WT,100.00
1437,R622I,28.30
1437,WT,71.70
1438,R622I,24.40
1438,WT,75.60
1439,R622I,9.50
1439,WT,90.50
1440,R622I,32.10
1440,WT,67.90
1441,A578S,1.40
1441,WT,98.60
1442,WT,100.00
1443,C580Y,10.50
1443,R539T,21.10
1443,WT,68.40
1444,C580Y,13.30
1444,WT,13.30
1444,Y493H,73.40
1445,WT,100.00
1446,C580Y,33.30
1446,WT,33.40
1446,Y493H,33.30
1447,N523S&T535A&T593A,1.50
1447,T474A,3.00
1447,T535A&C542R,1.50
1447,WT,94.00
1448,T474A,5.00
1448,WT,95.00
1449,E461G&C580Y,0.90
1449,T474A,0.90
1449,WT,98.20
1450,WT,100.00
1451,C469Y,0.40
1451,F483I,3.70
1451,F506V,3.70
1451,M476I,1.20
1451,S485N,2.90
1451,S577L,5.40
1451,T508N,5.00
1451,WT,77.70
1452,E507V,1.20
1452,G538S,1.20
1452,WT,97.60
1453,WT,100.00
1454,F506I,1.70
1454,N554K,1.70
1454,WT,96.60
1455,WT,100.00
1456,A557S,1.70
1456,WT,98.30
1457,D516F,1.20
1457,N498I,1.20
1457,WT,97.60
1458,WT,100.00
1459,WT,100.00
1460,WT,100.00
1461,WT,100.00
1462,WT,100.00
1463,WT,100.00
1464,WT,100.00
1465,WT,100.00
1466,WT,100.00
1467,WT,100.00
1468,WT,100.00
1469,WT,100.00
1470,F673L,33.30
1470,WT,66.70
1471,WT,100.00
1472,WT,100.00
1473,WT,100.00
1474,WT,100.00
1475,WT,100.00
1476,WT,100.00
1477,WT,100.00
1478,WT,100.00
1479,R561H,1.20
1479,WT,98.80
1480,WT,100.00
1481,R561H,1.40
1481,WT,98.60
1482,WT,100.00
1483,WT,100.00
1484,WT,100.00
1485,WT,100.00
1486,WT,100.00
1487,WT,100.00
1488,WT,100.00
1489,WT,100.00
1490,WT,100.00
1491,R645T&E668K,2.60
1491,WT,97.40
1492,WT,100.00
1493,WT,100.00
1494,WT,100.00
1495,A578S,8.70
1495,D648E,61.70
1495,E596G,0.80
1495,E606G,0.80
1495,E620G,1.40
1495,F434L,0.80
1495,F442L,0.80
1495,F583L,0.80
1495,F583S,0.80
1495,I448M,1.40
1495,I551T,0.80
1495,I552V,0.80
1495,I634M,0.80
1495,I634V,1.40
1495,K563R,1.40
1495,L505S,0.80
1495,M460V,0.80
1495,M608V,1.40
1495,N572S,0.80
1495,N609D,0.80
1495,N609S,2.10
1495,R622G,2.10
1495,R622K,0.80
1495,S485G,0.80
1495,S550M,0.80
1495,S550P,0.80
1495,S576L,0.80
1495,T508I,0.80
1495,V566A,0.80
1495,V581A,0.80
1495,Y558H,0.80
1495,Y635H,0.80
1496,N523S&T535A&T593A,1.50
1496,T474A,3.00
1496,T535A&C542R,1.50
1496,WT,94.00
1497,T474A,5.00
1497,WT,95.00
1498,E461G&C580Y,0.90
1498,T474A,0.90
1498,WT,98.20
1499,A675V,1.70
1499,WT,98.30
1500,C580Y,63.00
1500,R539I,3.70
1500,R539T,33.30
1501,C580Y,82.10
1501,R539T,17.90
1502,C580Y,100.00
1503,WT,100.00
1504,N499K,0.30
1504,WT,99.40
1504,Y635C,0.30
1505,R471C,0.50
1505,WT,99.50
1506,C580Y,20.00
1506,WT,80.00
1507,WT,100.00
1508,WT,100.00
1509,K586E,33.30
1509,WT,66.70
1510,C469F,4.10
1510,P574L,1.40
1510,P667S,1.40
1510,Q661E,1.40
1510,R561H,21.90
1510,WT,69.80
1511,WT,100.00
1512,A578S,1.00
1512,WT,99.00
1513,A578S,0.40
1513,WT,99.60
1514,A578S,2.50
1514,WT,97.50
1515,A578S,2.00
1515,unspecified,2.00
1515,WT,96.00
1516,WT,100.00
1517,WT,100.00
1518,WT,100.00
1519,WT,100.00
1520,WT,100.00
1521,WT,100.00
1522,WT,100.00
1523,WT,100.00
1524,WT,100.00
1525,WT,100.00
1526,WT,100.00
1527,WT,100.00
1528,WT,100.00
1529,WT,100.00
1530,WT,100.00
1531,WT,100.00
1532,WT,100.00
1533,WT,100.00
1534,WT,100.00
1535,WT,100.00
1541,WT,100.00
1542,WT,100.00
1543,R622I,6.70
1544,WT,100.00
1545,R622I,11.10
1546,WT,100.00
1547,R622I,6.80
1548,R622I,1.90
1549,R622I,28.30
1550,R622I,7.50
1551,R622I,13.90
1552,R622I,0.30
1553,R622I,11.80
1554,R622I,1.30
1555,R622I,8.20
1556,R622I,6.60
1557,R622I,11.80
1558,R622I,16.90
1559,A578S,1.60
1559,WT,98.40
1560,A578S,1.20
1560,N489T,2.50
1560,WT,96.30
1561,A578S,1.30
1561,N489T,2.80
1561,WT,95.70
1562,A578S,0.10
1562,WT,99.90
1569,A675V,9.00
1569,WT,91.00
1570,A675V,13.00
1570,C469Y,2.00
1570,WT,82.00
1571,A675V,12.00
1571,C469Y,4.00
1571,WT,80.00
1572,WT,100.00
1603,A578S,0.59
1603,V510A,0.59
1603,WT,98.82
1604,WT,25.00
1604,Y493H,75.00
1605,C580Y,70.00
1605,Y493H,30.00
1606,WT,100.00
1607,Y493H,100.00
1608,L488L&Y493H,1.70
1608,Y493H,98.30
1609,C580Y,51.40
1609,WT,17.60
1609,Y493H,31.00
1610,C580Y,3.90
1610,WT,11.50
1610,Y493H,84.60
1611,WT,100.00
1612,C580Y,36.50
1612,R539T,3.30
1612,WT,60.20
1613,C580Y,20.00
1613,WT,36.00
1613,Y493H,44.00
1614,C580Y,100.00
1615,WT,100.00
1616,C580Y,83.40
1616,R539T,16.60
1618,WT,100.00
1619,WT,100.00
1620,C580Y,8.60
1620,WT,91.40
1621,C580Y,11.30
1621,WT,88.70
1622,WT,100.00
1623,WT,100.00
1624,A675V,4.90
1624,C580Y,39.00
1624,G538V,7.30
1624,P574L,9.80
1624,R539T,2.40
1624,R561H,2.40
1624,WT,34.20
1625,C580Y,100.00
1628,C580Y,100.00
1629,C580Y,10.00
1629,G533S,20.00
1629,G538V,5.00
1629,WT,65.00
1630,G533S,41.20
1630,G538V,5.90
1630,WT,52.90
1631,WT,100.00
1632,C580Y,33.30
1632,G533S,50.00
1632,WT,16.70
1633,G533S,100.00
1634,C580Y,82.00
1634,WT,18.00
1635,C580Y,95.30
1635,WT,4.70
1636,C580Y,80.60
1636,WT,19.40
1637,C580Y,83.60
1637,WT,16.40
1638,C580Y,92.00
1638,WT,8.00
1639,C580Y,100.00
1640,C580Y,100.00
1641,C580Y,30.40
1641,R539T,8.70
1641,WT,60.90
1642,C580Y,38.50
1642,WT,61.50
1643,C580Y,80.00
1643,WT,20.00
1644,C580Y,100.00
1645,C580Y,100.00
1646,Y493H,100.00
1647,C580Y,100.00
1648,C580Y,1.00
1648,WT,99.00
1649,C580Y,15.00
1649,WT,85.00
1650,C580Y,75.00
1650,R539T,25.00
1651,C580Y,100.00
1652,others,33.00
1652,P441L,30.00
1652,R561H,7.00
1652,WT,30.00
1653,C580Y,2.00
1653,F446I,12.00
1653,G449A,7.00
1653,G538V,1.00
1653,M476I,4.00
1653,others,9.00
1653,P441L,11.00
1653,R539T,0.00
1653,R561H,7.00
1653,WT,47.00
1654,C580Y,2.00
1654,F446I,16.00
1654,G449A,9.00
1654,G538V,0.00
1654,M476I,3.00
1654,N458Y,0.00
1654,others,3.00
1654,P441L,18.00
1654,P574L,0.00
1654,P667T,0.00
1654,R561H,9.00
1654,WT,40.00
1655,C580Y,1.00
1655,F446I,17.00
1655,G449A,9.00
1655,M476I,1.00
1655,others,3.00
1655,P441L,10.00
1655,P574L,0.00
1655,R561H,12.00
1655,WT,46.00
1656,C580Y,1.00
1656,F446I,18.00
1656,G449A,4.00
1656,others,1.00
1656,P441L,29.00
1656,R561H,9.00
1656,WT,37.00
1657,C580Y,14.00
1657,F446I,33.00
1657,G449A,5.00
1657,G538V,1.00
1657,M476I,2.00
1657,N537I,4.00
1657,others,8.00
1657,P441L,0.00
1657,P553L,0.00
1657,P574L,3.00
1657,R539T,0.00
1657,R561H,1.00
1657,WT,30.00
1658,C580Y,4.00
1658,F446I,61.00
1658,G449A,7.00
1658,M476I,1.00
1658,N537I,2.00
1658,others,6.00
1658,P441L,0.00
1658,P553L,2.00
1658,P574L,1.00
1658,R561H,1.00
1658,WT,15.00
1659,C580Y,10.00
1659,F446I,38.00
1659,G449A,4.00
1659,M476I,1.00
1659,N537I,3.00
1659,others,7.00
1659,P553L,1.00
1659,P574L,1.00
1659,R561H,1.00
1659,WT,33.00
1660,A675V,10.00
1660,C580Y,10.00
1660,others,10.00
1660,P574L,10.00
1660,WT,60.00
1661,C580Y,33.00
1661,WT,67.00
1662,C580Y,4.00
1662,F446I,4.00
1662,G449A,4.00
1662,others,19.00
1662,P441L,31.00
1662,R561H,8.00
1662,WT,31.00
1663,C580Y,24.00
1663,F446I,16.00
1663,others,24.00
1663,P441L,6.00
1663,R561H,6.00
1663,WT,24.00
1664,F446I,13.00
1664,others,75.00
1664,WT,13.00
1665,C580Y,67.00
1665,WT,33.00
1666,C580Y,86.00
1666,WT,14.00
1667,WT,100.00
1668,C580Y,43.00
1668,WT,14.00
1668,Y493H,43.00
1669,C580Y,50.00
1669,WT,50.00
1670,C580Y,90.00
1670,WT,10.00
1671,WT,100.00
1672,WT,100.00
1673,C580Y,96.00
1673,R539T,2.00
1673,WT,2.00
1674,C580Y,100.00
1675,C580Y,50.00
1675,R539T,33.00
1675,WT,17.00
1676,C580Y,100.00
1677,C580Y,97.00
1677,R539T,3.00
1678,C580Y,93.00
1678,WT,7.00
1679,C580Y,5.00
1679,P553L,48.00
1679,WT,48.00
1680,C580Y,100.00
1681,C580Y,23.00
1681,WT,77.00
1682,C580Y,100.00
1683,WT,100.00
1684,C580Y,100.00
1685,C580Y,100.00
1686,C580Y,100.00
1687,C580Y,100.00
1688,WT,100.00
1689,C580Y,100.00
1690,C580Y,88.00
1690,WT,12.00
1691,C580Y,63.00
1691,WT,37.00
1692,C580Y,35.00
1692,R539T,60.00
1692,WT,5.00
1693,C580Y,100.00
1694,A578S,2.00
1694,C580Y,98.00
1695,C580Y,100.00
1696,C580Y,100.00
1697,C580Y,95.00
1697,WT,5.00
1698,C580Y,53.00
1698,R539T,43.00
1698,WT,3.00
1699,C580Y,93.00
1699,WT,7.00
1700,C580Y,79.00
1700,WT,21.00
1701,R539T,5.00
1701,WT,96.00
1702,C580Y,100.00
1703,C580Y,80.00
1703,WT,20.00
1704,WT,100.00
1705,C580Y,93.00
1705,WT,7.00
1706,C580Y,100.00
1707,C580Y,87.00
1707,WT,13.00
1708,A578S,24.00
1708,WT,1.00
1708,Y493H,75.00
1709,C580Y,89.00
1709,WT,11.00
1710,WT,100.00
1711,C580Y,72.00
1711,WT,28.00
1712,C580Y,99.00
1712,WT,1.00
1713,C580Y,100.00
1714,C580Y,89.00
1714,WT,11.00
1715,C580Y,77.00
1715,WT,10.00
1715,Y493H,13.00
1716,C580Y,100.00
1717,WT,100.00
1718,C580Y,85.00
1718,WT,15.00
1719,C580Y,100.00
1720,C580Y,90.00
1720,WT,10.00
1721,C580Y,100.00
1722,WT,100.00
1723,C580Y,6.00
1723,R539T,6.00
1723,WT,88.00
1724,C580Y,94.00
1724,WT,6.00
1725,C580Y,67.00
1725,WT,33.00
1726,C580Y,50.00
1726,R539T,42.00
1726,WT,8.00
1727,C580Y,99.00
1727,WT,1.00
1728,C580Y,100.00
1729,C580Y,92.00
1729,R539T,8.00
1730,C580Y,100.00
1731,C580Y,91.00
1731,WT,10.00
1732,C580Y,100.00
1733,C469F,0.00
1733,C580Y,97.00
1733,P553L,0.00
1733,WT,3.00
1734,WT,100.00
1735,WT,100.00
1736,C580Y,100.00
1737,C580Y,100.00
1738,C580Y,93.00
1738,WT,7.00
1739,C580Y,100.00
1740,WT,100.00
1741,C580Y,100.00
1742,R539T,100.00
1743,C580Y,100.00
1744,WT,100.00
1745,WT,100.00
1746,C580Y,79.00
1746,WT,21.00
1747,C580Y,99.00
1747,WT,2.00
1748,G544R,2.00
1748,WT,98.00
1749,C469F,3.00
1749,C580Y,22.00
1749,WT,75.00
1750,C580Y,50.00
1750,R539T,50.00
1751,R539T,98.00
1751,WT,2.00
1752,A578S,14.00
1752,WT,86.00
1753,C580Y,100.00
1754,C580Y,100.00
1755,C580Y,29.00
1755,WT,71.00
1756,C580Y,10.00
1756,R539T,35.00
1756,WT,55.00
1757,C580Y,95.00
1757,WT,5.00
1758,C580Y,100.00
1759,WT,100.00
1760,C580Y,86.00
1760,WT,14.00
1761,C580Y,67.00
1761,WT,33.00
1762,C580Y,21.00
1762,R539T,74.00
1762,WT,5.00
1763,C580Y,93.00
1763,WT,7.00
1764,WT,100.00
1765,R539T,100.00
1766,C580Y,100.00
1767,Y493H,100.00
1768,C580Y,67.00
1768,R539T,33.00
1769,C580Y,97.00
1769,WT,3.00
1770,C580Y,100.00
1771,C580Y,100.00
1772,C580Y,100.00
1773,C580Y,29.00
1773,WT,57.00
1773,Y493H,14.00
1774,F446I,7.00
1774,R561H,57.00
1774,WT,36.00
1775,C580Y,89.00
1775,WT,11.00
1776,C580Y,100.00
1777,C580Y,100.00
1778,C580Y,100.00
1779,C580Y,17.00
1779,WT,83.00
1780,C580Y,75.00
1780,Y493H,25.00
1781,C580Y,100.00
1782,C580Y,29.00
1782,WT,71.00
1783,C580Y,80.00
1783,WT,20.00
1784,C580Y,82.00
1784,WT,18.00
1785,WT,100.00
1786,C580Y,100.00
1787,C580Y,75.00
1787,WT,25.00
1788,C580Y,100.00
1789,C580Y,100.00
1790,WT,100.00
1791,C469F,4.00
1791,C580Y,60.00
1791,R539T,2.00
1791,WT,34.00
1792,C580Y,29.00
1792,WT,71.00
1793,WT,100.00
1794,C580Y,100.00
1795,C580Y,100.00
1796,C580Y,2.00
1796,P553L,7.00
1796,WT,91.00
1797,WT,100.00
1798,A578S,67.00
1798,Y493H,33.00
1799,C580Y,100.00
1800,C580Y,100.00
1801,C580Y,60.00
1801,WT,40.00
1802,C580Y,11.00
1802,WT,89.00
1803,C580Y,100.00
1804,C580Y,22.00
1804,WT,78.00
1805,C580Y,52.00
1805,R539T,43.00
1805,WT,5.00
1806,C580Y,86.00
1806,WT,14.00
1807,C580Y,3.00
1807,R539T,91.00
1807,WT,6.00
1808,C580Y,50.00
1808,R539T,25.00
1808,WT,25.00
1809,WT,100.00
1810,WT,100.00
1811,C580Y,100.00
1812,WT,7.00
1812,Y493H,93.00
1813,C580Y,25.00
1813,WT,75.00
1814,C580Y,100.00
1815,WT,100.00
1816,WT,100.00
1817,C580Y,99.00
1817,WT,1.00
1818,C580Y,82.00
1818,R539T,2.00
1818,WT,16.00
1819,C580Y,17.00
1819,R539T,67.00
1819,WT,17.00
1820,C580Y,50.00
1820,R539T,50.00
1821,C580Y,50.00
1821,WT,50.00
1822,C580Y,75.00
1822,R539T,13.00
1822,WT,13.00
1823,C580Y,7.00
1823,G357S,7.00
1823,WT,87.00
1824,WT,100.00
1825,C580Y,100.00
1826,C580Y,90.00
1826,WT,10.00
1827,WT,100.00
1828,WT,100.00
1829,WT,100.00
1830,C580Y,82.00
1830,R539T,18.00
1831,WT,100.00
1832,C580Y,30.00
1832,WT,70.00
1833,C580Y,50.00
1833,WT,50.00
2024,Pfcrt,0.00
2024,WT,100.00
2025,Pfcrt,0.00
2025,WT,100.00
2026,Pfcrt,0.00
2026,WT,100.00
2027,Pfcrt,0.00
2027,WT,100.00
2028,Pfcrt,0.00
2028,WT,100.00
2029,Pfcrt,0.00
2029,WT,100.00
2032,Pfcrt,0.00
2032,WT,100.00
2033,Pfcrt,0.00
2033,WT,100.00
2034,Pfcrt,0.00
2034,WT,100.00
2035,Pfcrt,0.00
2035,WT,100.00
2036,Pfcrt,0.00
2036,WT,100.00
2037,Pfcrt,0.00
2037,WT,100.00
2039,Pfcrt,0.00
2039,WT,100.00
2040,Pfcrt,0.00
2040,WT,100.00
2047,Pfcrt,0.00
2047,WT,100.00
2048,Pfcrt,7.10
2048,WT,92.90
2050,Pfcrt,0.00
2050,WT,100.00
2051,Pfcrt,0.00
2051,WT,100.00
2053,Pfcrt,0.00
2053,WT,100.00
2054,Pfcrt,4.30
2054,WT,95.70
2055,Pfcrt,0.00
2055,WT,100.00
2056,Pfcrt,0.00
2056,WT,100.00
2057,Pfcrt,0.00
2057,WT,100.00
2058,Pfcrt,0.00
2058,WT,100.00
2059,Pfcrt,0.00
2059,WT,100.00
2060,Pfcrt,0.00
2060,WT,100.00
2061,Pfcrt,0.00
2061,WT,100.00
2062,Pfcrt,0.00
2062,WT,100.00
2063,Pfcrt,0.00
2063,WT,100.00
2064,Pfcrt,0.00
2064,WT,100.00
2065,Pfcrt,0.00
2065,WT,100.00
2066,Pfcrt,0.00
2066,WT,100.00
2067,Pfcrt,0.00
2067,WT,100.00
2068,Pfcrt,7.70
2068,WT,92.30
2069,Pfcrt,0.00
2069,WT,100.00
2070,Pfcrt,0.00
2070,WT,100.00
2071,Pfcrt,0.00
2071,WT,100.00
2072,Pfcrt,0.00
2072,WT,100.00
2073,Pfcrt,100.00
2074,Pfcrt,50.00
2074,WT,50.00
2075,Pfcrt,100.00
2076,Pfcrt,100.00
2077,Pfcrt,100.00
2078,Pfcrt,31.00
2078,WT,69.00
2079,Pfcrt,100.00
2080,Pfcrt,100.00
2081,Pfcrt,100.00
2082,Pfcrt,100.00
2083,Pfcrt,100.00
2084,Pfcrt,100.00
2085,Pfcrt,100.00
2086,Pfcrt,100.00
2087,Pfcrt,100.00
2088,Pfcrt,100.00
2089,Pfcrt,100.00
2090,Pfcrt,100.00
2091,Pfcrt,100.00
2092,Pfcrt,100.00
2093,Pfcrt,100.00
2094,Pfcrt,100.00
2095,Pfcrt,100.00
2096,Pfcrt,100.00
2097,Pfcrt,100.00
2098,Pfcrt,100.00
2099,Pfcrt,100.00
2100,Pfcrt,100.00
2101,Pfcrt,79.00
2101,WT,21.00
2102,Pfcrt,100.00
2103,Pfcrt,100.00
2104,Pfcrt,97.00
2104,WT,3.00
2105,Pfcrt,26.00
2105,WT,74.00
2106,Pfcrt,100.00
2107,Pfcrt,100.00
2108,Pfcrt,100.00
2109,Pfcrt,100.00
2110,Pfcrt,100.00
2111,Pfcrt,100.00
2112,Pfcrt,100.00
2113,Pfcrt,87.00
2113,WT,13.00
2114,Pfcrt,94.00
2114,WT,6.00
2115,Pfcrt,40.00
2115,WT,60.00
2116,Pfcrt,100.00
2117,Pfcrt,80.00
2117,WT,20.00
2118,Pfcrt,50.00
2118,WT,50.00
2119,Pfcrt,100.00
2120,Pfcrt,100.00
2121,Pfcrt,100.00
2122,Pfcrt,100.00
2123,Pfcrt,100.00
2124,Pfcrt,100.00
2125,Pfcrt,100.00
2126,Pfcrt,100.00
2127,Pfcrt,100.00
2128,Pfcrt,100.00
2129,Pfcrt,88.00
2129,WT,12.00
2130,Pfcrt,100.00
2131,Pfcrt,100.00
2132,WT,100.00
2133,Pfcrt,100.00
2134,Pfcrt,100.00
2135,Pfcrt,100.00
2136,Pfcrt,100.00
2137,Pfcrt,100.00
2138,Pfcrt,100.00
2139,Pfcrt,100.00
2140,Pfcrt,100.00
2141,Pfcrt,100.00
2142,Pfcrt,100.00
2143,Pfcrt,100.00
2144,Pfcrt,100.00
2145,Pfcrt,100.00
2146,Pfcrt,100.00
2147,Pfcrt,100.00
2148,Pfcrt,100.00
2149,Pfcrt,100.00
2150,Pfcrt,100.00
2151,Pfcrt,100.00
2152,Pfcrt,100.00
2153,Pfcrt,100.00
2154,Pfcrt,100.00
2155,Pfcrt,100.00
2156,Pfcrt,100.00
2157,Pfcrt,100.00
2158,Pfcrt,100.00
2159,Pfcrt,99.00
2159,WT,1.00
2160,Pfcrt,100.00
2161,Pfcrt,100.00
2162,Pfcrt,100.00
2163,Pfcrt,100.00
2164,Pfcrt,100.00
2165,Pfcrt,100.00
2166,Pfcrt,100.00
2167,Pfcrt,100.00
2168,Pfcrt,100.00
2169,Pfcrt,100.00
2170,Pfcrt,100.00
2171,Pfcrt,100.00
2172,Pfcrt,100.00
2173,Pfcrt,100.00
2174,Pfcrt,100.00
2175,Pfcrt,100.00
2176,Pfcrt,100.00
2177,Pfcrt,100.00
2178,Pfcrt,100.00
2179,Pfcrt,73.00
2179,WT,27.00
2180,WT,100.00
2181,Pfcrt,100.00
2182,Pfcrt,100.00
2183,Pfcrt,100.00
2184,Pfcrt,100.00
2185,Pfcrt,100.00
2186,Pfcrt,100.00
2187,Pfcrt,100.00
2188,Pfcrt,100.00
2189,Pfcrt,100.00
2190,Pfcrt,98.00
2190,WT,2.00
2191,Pfcrt,100.00
2192,Pfcrt,100.00
2193,Pfcrt,100.00
2194,Pfcrt,100.00
2195,WT,100.00
2196,Pfcrt,100.00
2197,Pfcrt,100.00
2198,Pfcrt,100.00
2199,Pfcrt,100.00
2200,Pfcrt,100.00
2201,Pfcrt,100.00
2202,Pfcrt,100.00
2203,Pfcrt,100.00
2204,Pfcrt,80.00
2204,WT,20.00
2205,Pfcrt,69.00
2205,WT,31.00
2206,Pfcrt,100.00
2207,Pfcrt,100.00
2208,Pfcrt,67.00
2208,WT,33.00
2209,Pfcrt,100.00
2210,Pfcrt,100.00
2211,Pfcrt,100.00
2212,Pfcrt,100.00
2213,Pfcrt,100.00
2214,Pfcrt,100.00
2215,Pfcrt,100.00
2216,Pfcrt,100.00
2217,Pfcrt,100.00
2218,Pfcrt,100.00
2219,Pfcrt,100.00
2220,Pfcrt,100.00
2221,Pfcrt,100.00
2222,Pfcrt,100.00
2223,Pfcrt,100.00
2224,Pfcrt,100.00
2225,Pfcrt,100.00
2226,Pfcrt,100.00
2227,Pfcrt,100.00
2228,Pfcrt,79.00
2228,WT,21.00
2229,Pfcrt,100.00
2230,Pfcrt,100.00
2231,Pfcrt,98.00
2231,WT,2.00
2232,Pfcrt,100.00
2233,Pfcrt,89.00
2233,WT,11.00
2234,Pfcrt,100.00
2235,Pfcrt,100.00
2236,Pfcrt,71.00
2236,WT,29.00
2237,Pfcrt,100.00
2238,Pfcrt,100.00
2239,Pfcrt,100.00
2240,WT,100.00
2241,WT,100.00
2242,Pfcrt,11.00
2242,WT,90.00
2243,Pfcrt,100.00
2244,Pfcrt,88.00
2244,WT,12.00
3002,WT,100.00
3003,WT,100.00
3004,WT,100.00
3005,MC,12.50
3005,WT,87.50
3006,MC,13.80
3006,WT,86.20
3007,MC,15.60
3007,WT,84.40
3008,MC,10.90
3008,WT,89.10
3009,MC,10.90
3009,WT,89.10
3010,WT,100.00
3011,WT,100.00
3012,WT,100.00
3013,WT,100.00
3014,MC,13.60
3014,WT,86.40
3015,WT,100.00
3017,MC,22.70
3017,WT,77.30
3018,MC,23.80
3018,WT,76.20
3020,MC,2.60
3020,WT,97.40
3021,MC,89.90
3021,WT,10.10
3022,MC,1.20
3022,WT,98.80
3030,WT,100.00
3031,WT,100.00
3032,WT,100.00
3033,WT,100.00
3034,WT,100.00
3035,WT,100.00
3036,MC,1.10
3036,WT,98.90
3037,MC,10.90
3037,WT,89.10
3039,WT,100.00
3040,WT,100.00
3043,MC,32.40
3043,WT,67.60
3044,MC,13.60
3044,WT,86.40
3045,MC,33.30
3045,WT,66.70
3046,WT,100.00
3047,MC,35.20
3047,WT,64.80
3048,MC,21.40
3048,WT,78.60
3050,MC,22.30
3050,WT,77.70
3051,MC,33.60
3051,WT,66.40
3052,MC,9.00
3052,WT,91.00
3053,MC,27.00
3053,WT,73.00
3054,MC,6.90
3054,WT,93.10
3055,MC,31.70
3055,WT,68.30
3056,MC,15.20
3056,WT,84.80
3057,MC,11.10
3057,WT,88.90
3058,MC,40.00
3058,WT,60.00
3059,MC,9.20
3059,WT,90.80
3060,MC,4.20
3060,WT,95.80
3061,MC,24.80
3061,WT,75.20
3063,MC,6.90
3063,WT,93.10
3064,MC,10.20
3064,WT,89.80
3065,WT,100.00
3066,MC,30.40
3066,WT,69.60
3067,MC,42.90
3067,WT,57.10
3068,MC,31.70
3068,WT,68.30
3069,WT,100.00
3070,MC,12.00
3070,WT,88.00
3071,MC,12.50
3071,WT,87.50
3072,MC,9.90
3072,WT,90.10
3073,MC,2.90
3073,WT,97.10
3074,MC,1.60
3074,WT,98.40
3075,MC,13.60
3075,WT,86.40
3076,WT,100.00
3077,WT,100.00
3078,MC,1.90
3078,WT,98.10
3079,MC,5.70
3079,WT,94.30
3080,WT,100.00
3081,MC,4.20
3081,WT,95.80
3082,MC,2.00
3082,WT,98.00
3083,MC,30.90
3083,WT,69.10
3084,MC,33.30
3084,WT,66.70
3085,WT,100.00
3086,WT,100.00
3087,WT,100.00
3088,WT,100.00
3089,MC,5.00
3089,WT,95.00
3090,MC,34.10
3090,WT,65.90
3094,WT,100.00
3095,WT,100.00
3096,MC,10.60
3096,WT,89.40
3097,WT,100.00
3098,MC,5.90
3098,WT,94.10
3099,MC,9.70
3099,WT,90.30
3100,WT,100.00
3101,WT,100.00
3102,MC,3.90
3102,WT,96.10
3103,WT,100.00
3104,WT,100.00
3105,WT,100.00
3107,MC,11.00
3107,WT,89.00
3108,MC,27.60
3108,WT,72.40
3109,WT,100.00
3110,MC,5.00
3110,WT,95.00
3111,MC,12.50
3111,WT,87.50
3112,MC,3.10
3112,WT,96.90
3113,MC,4.10
3113,WT,95.90
3114,MC,2.80
3114,WT,97.20
3115,MC,30.80
3115,WT,69.20
3116,MC,16.70
3116,WT,83.30
3117,MC,81.70
3117,WT,18.30
3121,WT,100.00
3122,MC,59.80
3122,WT,40.20
3123,MC,33.30
3123,WT,66.70
3124,MC,8.70
3124,WT,91.30
3126,MC,9.00
3126,WT,91.00
3134,MC,56.20
3134,WT,43.80
3135,MC,73.90
3135,WT,26.10
3136,MC,52.70
3136,WT,47.30
3137,MC,64.70
3137,WT,35.30
3139,MC,3.70
3139,WT,96.30
3140,MC,30.70
3140,WT,69.30
3141,MC,2.40
3141,WT,97.60
3142,WT,100.00
3143,MC,14.30
3143,WT,85.70
3144,MC,10.20
3144,WT,89.80
3145,MC,15.80
3145,WT,84.20
3146,WT,100.00
3148,MC,3.30
3148,WT,96.70
3149,WT,100.00
3150,WT,100.00
3151,WT,100.00
3155,WT,100.00
3167,MC,6.00
3167,WT,94.00
3168,MC,15.70
3168,WT,84.30
3171,MC,2.00
3171,WT,98.00
3172,WT,100.00
3173,WT,100.00
3174,MC,1.70
3174,WT,98.30
3175,MC,3.90
3175,WT,96.10
3178,WT,100.00
3179,WT,100.00
3180,WT,100.00
3182,WT,100.00
3183,WT,100.00
3184,MC,2.60
3184,WT,97.40
3185,WT,100.00
3186,MC,0.40
3186,WT,99.60
3188,WT,100.00
3189,MC,3.60
3189,WT,96.40
3190,MC,11.10
3190,WT,88.90
3191,MC,6.20
3191,WT,93.80
3192,WT,100.00
3193,WT,100.00
3194,WT,100.00
3195,WT,100.00
3196,WT,100.00
3197,WT,100.00
3198,WT,100.00
3199,MC,2.20
3199,WT,97.80
3200,WT,100.00
3201,MC,3.80
3201,WT,96.20
3202,MC,1.50
3202,WT,98.50
3203,MC,1.30
3203,WT,98.70
3204,WT,100.00
3205,WT,100.00
3206,WT,100.00
3207,MC,7.90
3207,WT,92.10
3208,MC,7.50
3208,WT,92.50
3209,MC,4.20
3209,WT,95.80
3210,WT,100.00
3211,WT,100.00
3212,WT,100.00
3213,MC,12.40
3213,WT,87.60
3214,MC,50.00
3214,WT,50.00
3215,WT,100.00
3216,WT,100.00
3217,WT,100.00
3218,WT,100.00
3219,MC,23.60
3219,WT,76.40
3220,MC,16.70
3220,WT,83.30
3221,MC,27.40
3221,WT,72.60
3222,MC,53.30
3222,WT,46.70
3223,MC,8.40
3223,WT,91.60
3224,MC,36.70
3224,WT,63.30
3225,WT,100.00
3226,WT,100.00
3227,WT,100.00
3228,WT,100.00
3229,WT,100.00
3230,WT,100.00
3231,WT,100.00
3232,MC,2.20
3232,WT,97.80
3233,WT,100.00
3234,WT,100.00
3235,WT,100.00
3236,WT,100.00
3240,MC,4.60
3240,WT,95.40
3241,MC,47.20
3241,WT,52.80
3242,MC,84.10
3242,WT,15.90
3243,MC,26.70
3243,WT,73.30
3244,MC,19.30
3244,WT,80.70
3245,MC,3.40
3245,WT,96.60
3246,MC,2.50
3246,WT,97.50
3247,MC,15.90
3247,WT,84.10
3248,MC,17.20
3248,WT,82.80
3249,MC,32.60
3249,WT,67.40
3252,WT,100.00
3253,WT,100.00
3254,MC,9.90
3254,WT,90.10
3255,MC,2.30
3255,WT,97.70
3256,MC,1.10
3256,WT,98.90
3257,MC,2.30
3257,WT,97.70
3258,WT,100.00
3259,WT,100.00
3260,WT,100.00
3261,WT,100.00
3262,WT,100.00
3263,WT,100.00
3264,WT,100.00
3265,WT,100.00
3266,WT,100.00
3267,WT,100.00
3268,WT,100.00
3269,WT,100.00
3270,WT,100.00
3271,WT,100.00
3272,WT,100.00
3273,WT,100.00
3274,WT,100.00
3276,WT,100.00
3277,MC,11.40
3277,WT,88.60
3278,WT,100.00
3279,WT,100.00
3280,MC,18.20
3280,WT,81.80
3281,MC,12.50
3281,WT,87.50
3282,WT,100.00
3283,MC,50.00
3283,WT,50.00
3284,MC,3.10
3284,WT,96.90
3285,MC,7.60
3285,WT,92.40
3286,WT,100.00
3287,WT,100.00
3288,MC,1.70
3288,WT,98.30
3289,WT,100.00
3290,WT,100.00
3291,WT,100.00
3292,MC,30.40
3292,WT,69.60
3293,MC,23.40
3293,WT,76.60
3294,MC,15.00
3294,WT,85.00
3295,WT,100.00
3296,MC,6.70
3296,WT,93.30
3297,WT,100.00
3298,WT,100.00
3299,WT,100.00
3300,WT,100.00
3301,WT,100.00
3302,WT,100.00
3303,WT,100.00
3304,WT,100.00
3305,WT,100.00
3306,MC,32.10
3306,WT,67.90
3307,WT,100.00
3308,WT,100.00
3309,MC,3.30
3309,WT,96.70
3310,WT,100.00
3311,WT,100.00
3312,MC,10.00
3312,WT,90.00
3313,WT,100.00
3314,WT,100.00
3315,WT,100.00
3316,WT,100.00
3317,MC,8.50
3317,WT,91.50
3318,MC,5.30
3318,WT,94.70
3319,WT,100.00
3320,WT,100.00
3321,MC,4.90
3321,WT,95.10
3322,MC,6.80
3322,WT,93.20
3323,WT,100.00
3324,WT,100.00
3325,WT,100.00
3326,MC,7.10
3326,WT,92.90
3333,WT,100.00
3334,WT,100.00
3335,WT,100.00
3336,MC,47.40
3336,WT,52.60
3337,WT,100.00
3338,WT,100.00
3339,WT,100.00
3340,WT,100.00
3341,WT,100.00
3342,WT,100.00
3343,WT,100.00
3344,MC,11.10
3344,WT,88.90
3345,MC,5.20
3345,WT,94.80
3346,WT,100.00
3347,MC,5.40
3347,WT,94.60
3348,MC,8.30
3348,WT,91.70
3349,WT,100.00
3350,WT,100.00
3351,WT,100.00
3352,WT,100.00
3353,WT,100.00
3354,WT,100.00
3355,WT,100.00
3356,WT,100.00
3357,MC,3.40
3357,WT,96.60
3358,WT,100.00
3359,WT,100.00
3360,WT,100.00
3361,MC,6.20
3361,WT,93.80
3362,WT,100.00
3363,WT,100.00
3364,WT,100.00
3365,WT,100.00
3366,WT,100.00
3367,WT,100.00
3368,WT,100.00
3369,WT,100.00
3370,WT,100.00
3371,WT,100.00
3372,WT,100.00
3373,WT,100.00
3374,MC,19.40
3374,WT,80.60
3375,MC,23.60
3375,WT,76.40
3376,MC,15.40
3376,WT,84.60
3377,MC,8.70
3377,WT,91.30
3378,MC,12.00
3378,WT,88.00
3379,MC,6.00
3379,WT,94.00
3380,WT,100.00
3381,WT,100.00
3382,WT,100.00
3383,WT,100.00
3384,MC,9.90
3384,WT,90.10
3385,WT,100.00
3386,WT,100.00
3387,WT,100.00
3388,WT,100.00
3389,WT,100.00
3390,MC,1.00
3390,WT,99.00
3391,WT,100.00
3392,WT,100.00
3393,WT,100.00
3394,WT,100.00
3395,WT,100.00
3396,WT,100.00
3397,WT,100.00
3398,MC,11.00
3398,WT,89.00
3399,WT,100.00
3400,WT,100.00
3401,WT,100.00
3402,WT,100.00
3403,WT,100.00
3404,WT,100.00
3405,WT,100.00
3406,WT,100.00
3407,MC,25.00
3407,WT,75.00
3408,WT,100.00
3409,WT,100.00
3410,WT,100.00
3411,WT,100.00
3412,MC,6.00
3412,WT,94.00
3413,WT,100.00
3414,WT,100.00
3415,WT,100.00
3416,WT,100.00
3417,WT,100.00
3418,WT,100.00
3419,WT,100.00
3420,WT,100.00
3421,MC,25.00
3421,WT,75.00
3422,WT,100.00
3423,MC,13.00
3423,WT,88.00
3424,WT,100.00
3425,MC,33.00
3425,WT,67.00
3426,WT,100.00
3427,WT,100.00
3428,MC,9.00
3428,WT,91.00
3429,WT,100.00
3430,WT,100.00
3431,WT,100.00
3432,WT,100.00
3433,MC,2.00
3433,WT,98.00
3434,WT,100.00
3435,WT,100.00
3436,WT,100.00
3437,WT,100.00
3438,WT,100.00
3439,WT,100.00
3440,WT,100.00
3441,MC,5.00
3441,WT,95.00
3442,WT,100.00
3443,WT,100.00
3444,WT,100.00
3445,WT,100.00
3446,WT,100.00
3447,WT,100.00
3448,MC,3.00
3448,WT,97.00
3449,MC,10.00
3449,WT,90.00
3450,WT,100.00
3451,WT,100.00
3452,WT,100.00
3453,WT,100.00
3454,WT,100.00
3455,WT,100.00
3456,WT,100.00
3457,WT,100.00
3458,WT,100.00
3459,WT,100.00
3460,WT,100.00
3461,WT,100.00
3462,WT,100.00
3463,WT,100.00
3464,WT,100.00
3465,WT,100.00
3466,WT,100.00
3467,WT,100.00
3468,WT,100.00
3469,MC,20.00
3469,WT,80.00
3470,WT,100.00
3471,WT,100.00
3472,WT,100.00
3473,WT,100.00
3474,WT,100.00
3475,MC,1.00
3475,WT,99.00
3476,WT,100.00
3477,WT,100.00
3478,WT,100.00
3479,WT,100.00
3480,WT,100.00
3481,WT,100.00
3482,WT,100.00
3483,WT,100.00
3484,WT,100.00
3485,WT,100.00
3486,WT,100.00
3487,WT,100.00
3488,WT,100.00
3489,WT,100.00
3490,WT,100.00
3491,WT,100.00
3492,WT,100.00
3493,WT,100.00
3494,WT,100.00
3495,WT,100.00
3496,WT,100.00
3497,WT,100.00
3498,WT,100.00
3499,WT,100.00
3500,WT,100.00
3501,MC,50.00
3501,WT,50.00
3502,WT,100.00
3503,WT,100.00
3504,WT,100.00
3505,MC,15.00
3505,WT,85.00
3506,WT,100.00
3507,WT,100.00
3508,WT,100.00
3509,WT,100.00
3510,MC,100.00
3511,WT,100.00
3512,WT,100.00
3513,WT,100.00
3514,WT,100.00
3515,WT,100.00
3516,MC,3.00
3516,WT,98.00
3517,WT,100.00
3518,WT,100.00
3519,MC,4.00
3519,WT,96.00
3520,WT,100.00
3521,WT,100.00
3522,WT,100.00
3523,WT,100.00
3524,WT,100.00
3525,WT,100.00
3526,WT,100.00
3527,WT,100.00
3528,WT,100.00
3529,WT,100.00
3530,WT,100.00
3531,WT,100.00
3532,WT,100.00
3533,WT,100.00
3534,MC,5.00
3534,WT,95.00
3535,WT,100.00
3536,WT,100.00
3537,WT,100.00
3538,WT,100.00
3539,WT,100.00
4001,WT,100.00
4002,WT,100.00
4004,MC,1.10
4004,WT,98.90
4006,MC,75.00
4006,WT,25.00
4007,MC,81.10
4007,WT,18.90
4008,MC,85.40
4008,WT,14.60
4009,MC,50.00
4009,WT,50.00
4010,MC,90.20
4010,WT,9.80
4011,WT,100.00
4012,MC,1.40
4012,WT,98.60
4013,WT,100.00
4014,MC,15.40
4014,WT,84.60
4015,MC,1.50
4015,WT,98.50
4016,MC,3.00
4016,WT,97.00
4017,MC,40.00
4017,WT,60.00
4018,MC,24.50
4018,WT,75.50
4019,MC,59.60
4019,WT,40.40
4020,MC,63.60
4020,WT,36.40
4021,MC,82.10
4021,WT,17.90
4023,MC,37.50
4023,WT,62.50
4025,MC,24.10
4025,WT,75.90
4026,MC,12.90
4026,WT,87.10
4027,MC,60.00
4027,WT,40.00
4028,MC,53.70
4028,WT,46.30
4029,MC,56.60
4029,WT,43.40
4030,MC,15.60
4030,WT,84.40
4031,MC,33.30
4031,WT,66.70
4032,MC,75.00
4032,WT,25.00
4033,MC,28.60
4033,WT,71.40
4034,MC,32.10
4034,WT,67.90
4035,MC,32.70
4035,WT,67.30
4036,MC,6.50
4036,WT,93.50
4037,MC,5.90
4037,WT,94.10
4038,WT,100.00
4039,MC,54.30
4039,WT,45.70
4040,MC,71.40
4040,WT,28.60
4041,WT,100.00
4042,MC,8.70
4042,WT,91.30
4043,WT,100.00
4045,MC,81.50
4045,WT,18.50
4046,MC,61.30
4046,WT,38.70
4047,MC,59.50
4047,WT,40.50
4048,WT,100.00
4049,MC,56.70
4049,WT,43.30
4050,MC,66.10
4050,WT,33.90
4053,WT,100.00
4054,WT,100.00
4055,WT,100.00
4056,WT,100.00
4058,WT,100.00
4059,WT,100.00
4060,WT,100.00
4061,WT,100.00
4067,WT,100.00
4068,WT,100.00
4069,WT,100.00
4071,WT,100.00
4072,MC,1.30
4072,WT,98.70
4074,WT,100.00
4076,MC,3.20
4076,WT,96.80
4078,MC,2.70
4078,WT,97.30
4079,MC,67.80
4079,WT,32.20
4080,MC,62.50
4080,WT,37.50
4081,MC,63.20
4081,WT,36.80
4082,MC,61.90
4082,WT,38.10
4083,MC,88.60
4083,WT,11.40
4084,MC,76.90
4084,WT,23.10
4085,MC,35.90
4085,WT,64.10
4086,MC,50.00
4086,WT,50.00
4087,MC,3.60
4087,WT,96.40
4088,MC,81.60
4088,WT,18.40
4089,MC,92.30
4089,WT,7.70
4090,MC,46.40
4090,WT,53.60
4091,MC,3.30
4091,WT,96.70
4092,MC,16.70
4092,WT,83.30
4093,MC,28.60
4093,WT,71.40
4094,WT,100.00
4095,WT,100.00
4096,MC,1.20
4096,WT,98.80
4097,WT,100.00
4098,WT,100.00
4099,WT,100.00
4100,MC,15.10
4100,WT,84.90
4101,MC,16.30
4101,WT,83.70
4102,MC,46.00
4102,WT,54.00
4103,MC,25.00
4103,WT,75.00
4104,MC,15.90
4104,WT,84.10
4105,WT,100.00
4106,WT,100.00
4107,WT,100.00
4108,MC,30.50
4108,WT,69.50
4109,MC,50.00
4109,WT,50.00
4110,MC,11.30
4110,WT,88.70
4111,MC,12.50
4111,WT,87.50
4112,MC,33.90
4112,WT,66.10
4113,WT,100.00
4114,MC,16.70
4114,WT,83.30
4115,MC,25.00
4115,WT,75.00
4116,MC,25.00
4116,WT,75.00
4117,MC,15.40
4117,WT,84.60
4118,MC,22.20
4118,WT,77.80
4119,MC,16.70
4119,WT,83.30
4123,WT,100.00
4124,WT,100.00
4125,WT,100.00
4126,WT,100.00
4127,WT,100.00
4128,WT,100.00
4129,MC,33.30
4129,WT,66.70
4130,WT,100.00
4131,WT,100.00
4132,WT,100.00
4134,MC,75.00
4134,WT,25.00
4135,WT,100.00
4136,MC,18.90
4136,WT,81.10
4137,MC,27.30
4137,WT,72.70
4138,MC,30.60
4138,WT,69.40
4139,MC,50.00
4139,WT,50.00
4140,MC,39.60
4140,WT,60.40
4141,MC,10.80
4141,WT,89.20
4142,MC,5.30
4142,WT,94.70
4143,MC,19.60
4143,WT,80.40
4144,MC,100.00
4145,WT,100.00
4146,MC,31.80
4146,WT,68.20
4147,MC,26.90
4147,WT,73.10
4148,MC,27.80
4148,WT,72.20
4149,MC,49.30
4149,WT,50.70
4150,MC,29.40
4150,WT,70.60
4152,MC,70.80
4152,WT,29.20
4153,MC,69.40
4153,WT,30.60
4154,MC,100.00
4155,MC,79.10
4155,WT,20.90
4156,WT,100.00
4157,WT,100.00
4158,WT,100.00
4159,WT,100.00
4160,MC,10.80
4160,WT,89.20
4161,MC,3.10
4161,WT,96.90
4162,WT,100.00
4163,MC,22.70
4163,WT,77.30
4164,MC,14.80
4164,WT,85.20
4165,MC,7.70
4165,WT,92.30
4166,MC,1.10
4166,WT,98.90
4167,MC,1.10
4167,WT,98.90
4168,MC,2.30
4168,WT,97.70
4169,WT,100.00
4170,WT,100.00
4171,WT,100.00
4172,WT,100.00
4173,WT,100.00
4174,WT,100.00
4175,WT,100.00
4176,WT,100.00
4177,WT,100.00
4178,WT,100.00
4179,WT,100.00
4180,WT,100.00
4181,WT,100.00
4182,WT,100.00
4183,WT,100.00
4184,MC,81.30
4184,WT,18.70
4185,MC,90.90
4185,WT,9.10
4186,MC,36.40
4186,WT,63.60
4187,MC,12.50
4187,WT,87.50
4188,MC,12.50
4188,WT,87.50
4189,MC,3.80
4189,WT,96.20
4190,WT,100.00
4191,MC,73.30
4191,WT,26.70
4192,MC,69.20
4192,WT,30.80
4193,WT,100.00
4194,WT,100.00
4195,MC,30.30
4195,WT,69.70
4196,MC,45.20
4196,WT,54.80
4197,MC,21.50
4197,WT,78.50
4198,MC,12.10
4198,WT,87.90
4199,MC,12.10
4199,WT,87.90
4200,MC,3.30
4200,WT,96.70
4201,WT,100.00
4202,WT,100.00
4203,MC,2.70
4203,WT,97.30
4204,WT,100.00
4205,WT,100.00
4206,WT,100.00
4207,WT,100.00
4208,WT,100.00
4209,WT,100.00
4210,MC,10.00
4210,WT,90.00
4211,WT,100.00
4212,WT,100.00
4213,MC,50.00
4213,WT,50.00
4214,MC,23.30
4214,WT,76.70
4215,MC,50.00
4215,WT,50.00
4216,MC,36.40
4216,WT,63.60
4217,MC,30.00
4217,WT,70.00
4218,WT,100.00
4219,MC,20.00
4219,WT,80.00
4220,MC,10.40
4220,WT,89.60
4221,MC,94.70
4221,WT,5.30
4222,MC,50.00
4222,WT,50.00
4223,MC,92.00
4223,WT,8.00
4224,WT,100.00
4225,WT,100.00
4226,WT,100.00
4227,WT,100.00
4228,WT,100.00
4229,WT,100.00
4230,WT,100.00
4231,WT,100.00
4232,MC,8.30
4232,WT,91.70
4233,WT,100.00
4234,MC,4.90
4234,WT,95.10
4235,MC,3.40
4235,WT,96.60
4236,WT,100.00
4237,WT,100.00
4238,MC,7.00
4238,WT,93.00
4239,WT,100.00
4240,WT,100.00
4241,WT,100.00
4242,WT,100.00
4243,MC,66.70
4243,WT,33.30
4244,WT,100.00
4248,WT,100.00
4249,WT,100.00
4250,WT,100.00
4251,WT,100.00
4252,WT,100.00
4253,WT,100.00
4254,WT,100.00
4255,MC,7.40
4255,WT,92.60
4256,MC,51.30
4256,WT,48.70
4257,MC,78.30
4257,WT,21.70
4258,WT,100.00
4259,WT,100.00
4260,WT,100.00
4261,MC,5.40
4261,WT,94.60
4262,MC,8.30
4262,WT,91.70
4267,WT,100.00
4268,MC,100.00
4269,WT,100.00
4270,WT,100.00
4271,MC,25.00
4271,WT,75.00
4272,MC,3.70
4272,WT,96.30
4273,WT,100.00
4274,WT,100.00
4276,WT,100.00
4277,WT,100.00
4278,WT,100.00
4279,WT,100.00
4280,WT,100.00
4281,WT,100.00
4282,WT,100.00
4283,MC,5.90
4283,WT,94.10
4284,WT,100.00
4285,WT,100.00
4286,WT,100.00
4287,WT,100.00
4288,WT,100.00
4289,WT,100.00
4290,WT,100.00
4291,MC,2.40
4291,WT,97.60
4292,WT,100.00
4295,MC,92.00
4295,WT,8.00
4296,MC,54.00
4296,WT,46.00
4297,MC,30.60
4297,WT,69.40
4298,MC,20.00
4298,WT,80.00
4299,MC,8.70
4299,WT,91.30
4300,MC,38.50
4300,WT,61.50
4301,MC,50.00
4301,WT,50.00
4302,MC,58.00
4302,WT,42.00
4303,MC,71.10
4303,WT,22.90
4304,MC,27.30
4304,WT,72.70
4305,WT,100.00
4306,MC,94.00
4306,WT,6.00
4307,WT,100.00
4308,MC,67.00
4308,WT,33.00
4309,WT,100.00
4310,WT,100.00
4311,MC,5.00
4311,WT,95.00
4312,WT,100.00
4313,WT,100.00
4314,MC,76.00
4314,WT,24.00
4315,WT,100.00
4316,MC,54.00
4316,WT,46.00
4317,MC,45.00
4317,WT,55.00
4318,MC,100.00
4319,WT,100.00
4320,MC,47.00
4320,WT,53.00
4321,WT,100.00
4322,WT,100.00
4323,MC,95.00
4323,WT,5.00
4324,MC,22.00
4324,WT,78.00
4325,MC,72.00
4325,WT,28.00
4326,MC,89.00
4326,WT,11.00
4327,MC,100.00
4328,MC,100.00
4329,MC,100.00
4330,WT,100.00
4331,WT,100.00
4332,MC,7.00
4332,WT,93.00
4333,MC,100.00
4334,MC,80.00
4334,WT,20.00
4335,MC,50.00
4335,WT,50.00
4336,MC,13.00
4336,WT,87.00
4337,WT,100.00
4338,MC,93.00
4338,WT,7.00
4339,WT,100.00
4340,MC,3.00
4340,WT,97.00
4341,MC,94.00
4341,WT,6.00
4342,WT,100.00
4343,WT,100.00
4344,MC,63.00
4344,WT,38.00
4345,WT,100.00
4346,MC,100.00
4347,MC,95.00
4347,WT,5.00
4348,MC,100.00
4349,MC,76.00
4349,WT,24.00
4350,MC,50.00
4350,WT,50.00
4351,MC,84.00
4351,WT,16.00
4352,MC,10.00
4352,WT,90.00
4353,WT,100.00
4354,MC,100.00
4355,WT,100.00
4356,WT,100.00
4357,MC,100.00
4358,MC,2.00
4358,WT,98.00
4359,MC,86.00
4359,WT,14.00
4360,MC,70.00
4360,WT,30.00
4361,MC,100.00
4362,MC,80.00
4362,WT,20.00
4363,MC,100.00
4364,MC,13.00
4364,WT,88.00
4365,WT,100.00
4366,MC,29.00
4366,WT,71.00
4367,WT,100.00
4368,WT,100.00
4369,MC,100.00
4370,MC,90.00
4370,WT,10.00
4371,MC,43.00
4371,WT,57.00
4372,WT,100.00
4373,MC,33.00
4373,WT,67.00
4374,MC,72.00
4374,WT,28.00
4375,MC,75.00
4375,WT,25.00
4376,WT,100.00
4377,MC,78.00
4377,WT,22.00
4378,MC,96.00
4378,WT,4.00
4379,WT,100.00
4380,MC,94.00
4380,WT,6.00
4381,WT,100.00
4382,MC,100.00
4383,WT,100.00
4384,MC,69.00
4384,WT,31.00
4385,MC,93.00
4385,WT,7.00
4386,WT,100.00
4387,MC,99.00
4387,WT,1.00
4388,MC,60.00
4388,WT,40.00
4389,MC,100.00
4390,MC,84.00
4390,WT,16.00
4391,MC,86.00
4391,WT,14.00
4392,WT,100.00
4393,MC,48.00
4393,WT,52.00
4394,MC,100.00
4395,WT,100.00
4396,MC,100.00
4397,WT,100.00
4398,MC,89.00
4398,WT,11.00
4399,MC,100.00
4400,MC,64.00
4400,WT,36.00
4401,MC,43.00
4401,WT,57.00
4402,WT,100.00
4403,MC,100.00
4404,WT,100.00
4405,WT,100.00
4406,MC,91.00
4406,WT,10.00
4407,MC,96.00
4407,WT,5.00
4408,WT,100.00
4409,MC,50.00
4409,WT,50.00
4410,MC,13.00
4410,WT,88.00
4411,WT,100.00
4412,MC,92.00
4412,WT,8.00
4413,WT,100.00
4414,MC,50.00
4414,WT,50.00
4415,WT,100.00
4416,MC,4.00
4416,WT,96.00
4417,MC,71.00
4417,WT,29.00
4418,WT,100.00
4419,WT,100.00
4420,MC,80.00
4420,WT,20.00
4421,MC,40.00
4421,WT,60.00
4422,MC,78.00
4422,WT,22.00
4423,MC,86.00
4423,WT,14.00
4424,WT,100.00
4425,MC,100.00
4426,WT,100.00
4427,MC,86.00
4427,WT,14.00
4428,WT,100.00
4429,MC,11.00
4429,WT,89.00
4430,MC,33.00
4430,WT,67.00
4431,WT,100.00
4432,MC,100.00
4433,MC,36.00
4433,WT,64.00
4434,MC,97.00
4434,WT,3.00
4435,WT,100.00
4436,MC,92.00
4436,WT,8.00
4437,WT,100.00
4438,WT,100.00
4439,WT,100.00
4440,MC,55.00
4440,WT,46.00
4441,MC,73.00
4441,WT,27.00
4442,MC,42.00
4442,WT,58.00
4443,MC,86.00
4443,WT,14.00
4444,MC,75.00
4444,WT,25.00
4445,MC,96.00
4445,WT,4.00
4446,MC,75.00
4446,WT,25.00
4447,MC,78.00
4447,WT,22.00
4448,WT,100.00
4449,WT,100.00
4450,MC,81.00
4450,WT,19.00
4451,WT,100.00
4452,MC,87.00
4452,WT,13.00
4453,MC,85.00
4453,WT,15.00
4454,MC,92.00
4454,WT,8.00
4455,MC,91.00
4455,WT,9.00
4456,MC,48.00
4456,WT,52.00
4457,WT,100.00
4458,MC,44.00
4458,WT,56.00
4459,MC,100.00
4460,WT,100.00
4461,WT,100.00
4462,MC,93.00
4462,WT,7.00
4463,WT,100.00
4464,WT,100.00
4465,MC,77.00
4465,WT,24.00
4466,WT,100.00
4467,WT,100.00
4468,MC,25.00
4468,WT,75.00
4469,WT,100.00
4470,MC,94.00
4470,WT,6.00
4471,MC,19.00
4471,WT,81.00
4472,WT,100.00
4473,WT,100.00
4474,MC,67.00
4474,WT,33.00
4475,WT,100.00
4476,WT,100.00
4477,WT,100.00
4478,MC,77.00
4478,WT,23.00
4479,MC,6.00
4479,WT,94.00
4480,WT,100.00
4481,WT,100.00
4482,WT,100.00
4483,WT,100.00
4484,WT,100.00
104320,WT,100.00
104322,F506S/I634M/M579T/N657H,2.00
104322,M579T-N599H-N657H/M579T-N657H-K658E,1.00
104322,M579T-N657H/R597G-T677S,6.00
104322,WT,91.00
104325,WT,100.00
104328,WT,100.00
104334,K189N,2.30
104334,K189T,50.80
104334,WT,46.90
104337,K189N,2.60
104337,K189T,53.90
104337,WT,43.50
104344,WT,100.00
104345,P475S,1.10
104345,WT,98.90
104346,WT,100.00
104347,WT,100.00
104348,S623G,4.70
104348,WT,95.30
104349,E605K,1.80
104349,WT,98.20
104350,A486S,2.00
104350,WT,98.00
104351,WT,100.00
104352,WT,100.00
104353,E602K,2.00
104353,WT,98.00
104354,WT,98.00
104355,WT,100.00
104356,R255K,2.67
104356,V714S,1.30
104356,WT,96.00
104357,K248K,1.14
104357,WT,98.90
104358,N594K,1.18
104358,R255K,2.35
104358,WT,96.50
104359,WT,100.00
104360,N523I,1.10
104360,WT,98.90
104361,WT,100.00
104362,WT,100.00
104363,WT,100.00
104364,WT,100.00
104365,G533D,1.00
104365,WT,99.00
104366,WT,100.00
104367,WT,100.00
104368,R622I,7.50
104368,V589I,1.10
104368,WT,91.40
104369,A626S,0.60
104369,WT,99.40
104370,A578S,2.00
104370,S600F,1.00
104370,WT,97.10
104371,WT,100.00
104372,E620G,1.30
104372,R561H,1.30
104372,WT,97.50
104373,WT,100.00
104374,C469Y,1.10
104374,E461G,1.10
104374,R561C,1.10
104374,R622I,2.20
104374,WT,94.50
104375,WT,100.00
104376,V494I,2.60
104376,WT,97.40
104377,R622I,5.30
104377,WT,94.70
104378,WT,100.00
104379,WT,100.00
104380,A626S,1.30
104380,V555A,1.30
104380,WT,97.50
104381,A675V,1.50
104381,D648H,1.50
104381,P574L,1.50
104381,WT,95.50
104382,A578S,1.50
104382,A675V,1.50
104382,C469F,1.50
104382,G533A,1.50
104382,R561H,4.50
104382,V555A,1.50
104382,WT,87.90
104383,A578S,1.40
104383,A675V,5.70
104383,C469F,2.80
104383,R561H,9.00
104383,V555A,0.90
104383,WT,80.20
104384,WT,100.00
104385,A557S,0.50
104385,A578S,1.04
104385,WT,98.40
104386,R56H,24.10
104386,WT,75.90
104387,R56H,20.90
104387,WT,79.10
104388,A676D,1.17
104388,C447R,0.58
104388,C447S,0.58
104388,C469Y,1.17
104388,C580Y,1.17
104388,F446I,27.49
104388,F446I/N458Y,0.58
104388,F483S,0.58
104388,G495C,0.58
104388,G533S,15.79
104388,N458Y,0.58
104388,P574L,4.09
104388,S446I,0.58
104388,WT,45.03
104389,WT,100.00
104390,F396L,0.60
104390,I465T,0.60
104390,K438R,0.60
104390,Q655P,0.60
104390,S466N,0.60
104390,S695T,0.60
104390,V650F,0.60
104390,WT,96.00
104391,A578S,0.60
104391,E455K,0.60
104391,F698S,0.60
104391,H697Y,0.60
104391,L678F,0.60
104391,R561H,0.60
104391,WT,96.60
104392,D397N,0.60
104392,G450R,0.60
104392,G496D,0.60
104392,G533S,0.60
104392,G592R,0.60
104392,G639D,0.60
104392,P475S,0.60
104392,Q613E,0.60
104392,S522C,0.60
104392,V589I,0.60
104392,WT,93.80
104393,E596K,0.60
104393,M579V,0.60
104393,Q613E,1.10
104393,WT,97.70
104394,A427S,0.60
104394,A569T,0.60
104394,D680N,0.60
104394,G497D,0.60
104394,R411K,0.60
104394,WT,97.20
104395,G450E,0.60
104395,N664Y,0.60
104395,P441L,0.60
104395,V637I,1.10
104395,WT,97.10
104396,581D,0.40
104396,A569S,0.40
104396,C469Y,0.40
104396,S522R,0.40
104396,WT,98.40
104397,A578P,1.00
104397,A578S,1.00
104397,C532W,1.00
104397,D464H,1.00
104397,V454E,1.00
104397,V494L,1.00
104397,V581A,1.00
104397,W470R,3.00
104397,WT,90.00
104398,D464Y,1.02
104398,E509D,1.02
104398,G449R,1.02
104398,Q654H,1.02
104398,W470R,2.04
104398,WT,93.90
104399,E455Q,1.00
104399,I543S,1.00
104399,L663I,1.00
104399,Q661H,1.00
104399,W470R,1.00
104399,WT,95.00
104400,A578S,0.64
104400,A582V,0.43
104400,WT,98.90
104401,A569S,0.79
104401,A578S,4.76
104401,A582V,5.56
104401,A675V,2.38
104401,P667S,0.79
104401,WT,85.70
104402,A582V,0.56
104402,I646L,0.60
104402,WT,98.90
104403,WT,100.00
104404,A582V,1.10
104404,WT,98.90
104405,WT,100.00
104406,R622I,2.00
104406,WT,98.00
104407,WT,100.00
104408,R622I,13.60
104408,WT,86.40
104409,A569S,1.25
104409,A578S,1.25
104409,A675V,2.50
104409,C469Y,12.50
104409,F491S,1.25
104409,WT,81.20
104410,Q613E/I416V,2.97
104410,WT,97.00
104411,E433D/A578S,2.08
104411,WT,97.90
104412,WT,100.00
104413,R471S,1.00
104413,WT,99.00
104414,WT,100.00
104415,WT,100.00
104416,WT,100.00
104417,WT,100.00
104418,WT,100.00
104419,P475S,1.14
104419,WT,98.90
104420,WT,100.00
104421,WT,100.00
104422,WT,100.00
104423,WT,100.00
104424,R622I,1.05
104424,WT,98.90
104425,WT,100.00
104426,WT,100.00
104427,WT,100.00
104428,WT,100.00
104429,WT,100.00
104430,A569V,1.50
104430,C580Y,7.40
104430,G496S/H644Y,1.50
104430,WT,89.70
104431,C580Y,11.11
104431,P553L,27.78
104431,V568G,5.56
104431,WT,55.56
104432,C580Y,11.11
104432,G484V/P553L,3.70
104432,G484V/Y493H,3.70
104432,P443L,3.70
104432,P443L/C580Y,3.70
104432,P553L,7.41
104432,P553L/C580Y,3.70
104432,R539T,7.41
104432,WT,40.74
104432,Y493H,14.81
104433,C580Y,13.33
104433,D584V,2.67
104433,I543T,6.67
104433,P553L/C580Y,1.33
104433,R539T,14.67
104433,R539T/C580Y,1.33
104433,unspecified,2.67
104433,V568G,1.33
104433,WT,50.67
104433,Y493H,4.00
104433,Y493H/I543T,1.33
104434,C580Y,47.37
104434,I543T,5.26
104434,I543T/C580Y,5.26
104434,I543T/K607E,5.26
104434,P553L,5.26
104434,unspecified,5.26
104434,WT,26.32
104435,I543T,25.00
104435,P553L,10.00
104435,P553L/K607E,5.00
104435,T474I,5.00
104435,T474I/I543T,5.00
104435,unspecified,5.00
104435,WT,45.00
104436,C580Y,18.18
104436,I543T,45.45
104436,I543T/C580Y,18.18
104436,unspecified,9.09
104436,WT,9.09
104437,C469Y,10.00
104437,C469Y/I543T,5.00
104437,C580Y,5.00
104437,P443L,5.00
104437,P553L,25.00
104437,WT,50.00
104438,C469Y,8.33
104438,C580Y,53.33
104438,P553L,6.67
104438,unspecified,8.33
104438,WT,16.67
104438,Y511H,5.00
104438,Y511H/C580Y,1.67
104439,I543T,30.00
104439,P553L,10.00
104439,unspecified,20.00
104439,WT,40.00
104440,C580Y,17.39
104440,P553L,21.74
104440,unspecified,2.17
104440,WT,58.70
104441,C580Y,2.13
104441,I543T,10.64
104441,unspecified,10.64
104441,WT,76.60
104442,R539T,4.35
104442,unspecified,4.35
104442,WT,91.30
104443,C580Y,5.00
104443,I543T,3.75
104443,I543T/C580Y,2.50
104443,K607E,6.25
104443,WT,82.50
104444,WT,100.00
104445,I543T,61.11
104445,unspecified,16.67
104445,WT,22.22
104446,I543T,75.86
104446,T474I,18.10
104446,unspecified,2.59
104446,WT,3.45
104447,I543T,50.00
104447,T474I,50.00
104447,WT,0.00
104448,WT,100.00
104449,C580Y,10.53
104449,I543T,52.63
104449,WT,36.84
104450,WT,100.00
104451,A557S,0.00
104451,WT,100.00
104452,WT,100.00
104453,A675V,5.00
104453,C469Y,5.00
104453,WT,90.00
104454,A675V,2.90
104454,C469Y,3.10
104454,P441L,3.10
104454,WT,90.90
104455,A675V,17.40
104455,C469Y,21.00
104455,WT,61.60
104456,A675V,16.50
104456,C469Y,41.80
104456,WT,41.80
104457,A675V,13.50
104457,C469Y,16.00
104457,WT,70.50
104458,A675V,13.20
104458,C469Y,28.30
104458,WT,58.80
104459,WT,100.00
104460,C469Y,4.00
104460,WT,96.00
104461,WT,100.00
104462,WT,100.00
104463,WT,100.00
104464,A675V,2.00
104464,C469F,98.00
104465,WT,100.00
104466,WT,100.00
104467,A675V,2.00
104467,WT,98.00
104468,WT,100.00
104469,A675V,3.40
104469,WT,96.60
104470,WT,100.00
104471,A675V,1.50
104471,C469Y,2.90
104471,WT,95.60
104472,A675V,2.60
104472,C469Y,7.90
104472,P441L,1.30
104472,WT,88.20
104473,C469F,2.40
104473,WT,97.60
104474,P441L,1.30
104474,WT,98.70
104475,A675V,6.50
104475,C469Y,8.70
104475,WT,84.80
104476,WT,100.00
104477,A675V,15.90
104477,WT,84.10
104478,WT,100.00
104479,WT,100.00
104480,R561H,2.60
104480,WT,97.40
104481,WT,100.00
104482,WT,100.00
104483,WT,100.00
104484,A675V,1.00
104484,WT,99.00
104485,A675V,8.80
104485,C469Y,6.70
104485,WT,84.50
104486,A675V,22.10
104486,WT,77.90
104487,A675V,18.70
104487,C469Y,17.30
104487,WT,64.00
104488,A675V,16.90
104488,C469F,5.30
104488,C469Y,12.30
104488,WT,65.50
104489,A675V,5.90
104489,C469Y,15.60
104489,WT,78.50
104490,WT,100.00
104491,WT,100.00
104492,C469F,2.80
104492,WT,97.20
104493,WT,100.00
104494,C469F,4.40
104494,P441L,2.20
104494,WT,93.40
104495,C469F,4.30
104495,P441L,6.00
104495,WT,89.70
104496,A675V,3.10
104496,P441L,23.00
104496,R561H,2.00
104496,WT,71.90
104497,WT,100.00
104498,A675V,4.20
104498,C469Y,1.30
104498,WT,94.50
104499,A675V,30.00
104499,C469Y,7.40
104499,WT,62.60
104500,WT,100.00
104501,P441L,3.30
104501,WT,96.70
104502,P441L,2.20
104502,WT,97.80
104503,P441L,14.50
104503,WT,85.50
104504,A675V,3.30
104504,C469Y,8.80
104504,P441L,15.40
104504,WT,72.50
104505,A675V,2.20
104505,C469Y,5.00
104505,WT,92.80
104506,A675V,10.50
104506,C469Y,4.90
104506,WT,84.60
104507,A675V,6.80
104507,C469Y,13.80
104507,P441L,2.30
104507,WT,77.10
104508,A675V,15.50
104508,C469Y,12.10
104508,WT,72.40
104509,A675V,18.70
104509,C469Y,23.10
104509,WT,58.20
104510,WT,100.00
104511,WT,100.00
104512,A675V,7.80
104512,C469Y,3.60
104512,WT,88.60
104513,A675V,11.40
104513,C469Y,2.20
104513,WT,86.40
104514,A675V,12.80
104514,C469Y,2.10
104514,WT,85.10
104515,C469Y,4.30
104515,WT,95.70
104516,A675V,2.10
104516,C469Y,2.10
104516,WT,95.80
104517,A675V,2.90
104517,WT,97.10
104518,A675V,3.30
104518,C469Y,5.40
104518,WT,91.30
104519,A675V,11.60
104519,C469Y,14.10
104519,WT,74.30
104520,A675V,3.40
104520,WT,96.60
104521,A675V,7.70
104521,C469Y,12.20
104521,WT,80.10
104522,A675V,5.40
104522,C469Y,9.00
104522,WT,85.60
104523,A675V,11.40
104523,C469Y,6.80
104523,WT,81.80
104524,A675V,2.80
104524,C469Y,23.50
104524,WT,73.70
104525,A675V,12.20
104525,C469Y,10.00
104525,WT,77.80
104526,A675V,19.00
104526,C469Y,33.30
104526,WT,47.70
104527,A675V,22.60
104527,C469Y,31.40
104527,WT,46.00
104528,A675V,15.10
104528,C469Y,20.80
104528,WT,64.10
104529,WT,100.00
104530,C469Y,2.20
104530,WT,97.80
104531,C469F,10.50
104531,WT,89.50
104532,WT,100.00
104533,A675V,6.90
104533,C469Y,3.40
104533,P441L,1.10
104533,WT,88.60
104534,P441L,5.30
104534,WT,94.70
104535,A675V,11.30
104535,P441L,11.50
104535,WT,77.20
104536,C469F,19.00
104536,WT,81.00
104537,A675V,4.80
104537,WT,95.20
104538,A675V,2.60
104538,C469F,28.20
104538,WT,69.20
104539,A675V,2.40
104539,C469F,40.30
104539,P441L,1.20
104539,R561H,16.40
104539,WT,39.70
104540,A675V,5.10
104540,C469F,38.30
104540,C469Y,2.20
104540,R561H,22.60
104540,WT,31.80
104541,C469F,2.70
104541,WT,97.30
104542,A675V,2.10
104542,C469F,2.10
104542,WT,95.80
104543,WT,100.00
104544,WT,100.00
104545,WT,100.00
104546,A675V,4.10
104546,C469Y,4.10
104546,WT,91.80
104547,A675V,15.80
104547,C469Y,9.80
104547,WT,74.40
104548,WT,100.00
104549,WT,100.00
104550,A675V,0.10
104550,R561H,7.70
104550,WT,92.20
104551,WT,100.00
104552,WT,100.00
104553,R561H,0.60
104553,WT,99.40
104554,WT,100.00
104555,WT,100.00
104556,R561H,0.40
104556,R622I,0.30
104556,WT,99.30
104557,WT,100.00
104558,WT,100.00
104559,A675V,0.20
104559,R561H,0.50
104559,WT,99.30
104560,WT,100.00
104561,P574L,3.30
104561,R561H,3.30
104561,WT,93.30
104562,R561H,0.50
104562,WT,97.10
104562,Y493H,2.40
104563,R539T,0.20
104563,R561H,0.20
104563,WT,99.60
104564,R561H,22.50
104564,WT,77.50
104565,A675V,6.80
104565,C469Y,13.60
104565,WT,79.70
104566,C469Y,1.70
104566,WT,98.30
104567,A675V,8.30
104567,C469Y,23.30
104567,WT,68.30
104568,A675V,8.30
104568,C469Y,15.00
104568,S522C,1.70
104568,WT,75.00
104569,K479,24.60
104569,WT,75.40
104570,WT,100.00
104571,A578S,0.60
104571,K479,33.10
104571,WT,66.30
104572,WT,100.00
104573,E605K,0.30
104573,K658E,0.30
104573,N657K,0.50
104573,R622I,12.10
104573,WT,86.80
104574,R622I,13.80
104574,WT,86.20
104575,R622I,9.20
104575,S679L,1.00
104575,WT,89.80
104576,WT,100.00
104577,WT,100.00
104578,WT,100.00
104579,WT,100.00
104580,WT,100.00
