"Annex 4 – B. Antimalarial drug policy in malaria endemic countries and areas, 2024",,,,,,,,,,,,,,,,,,,,,,,,,,,,,,,,,,,,,,,,
,P. falciparum ,,,,P. vivax,,,,,,,,,,,,,,,,,,,,,,,,,,,,,,,,,,,
"WHO region
Country/area","Uncomplicated
unconfirmed","Uncomplicated
confirmed",Severe,Prevention during pregnancy,Treatment,,,,,,,,,,,,,,,,,,,,,,,,,,,,,,,,,,,
AFRICAN,,,,,,,,,,,,,,,,,,,,,,,,,,,,,,,,,,,,,,,,
Angola,AL; DHA-PPQ; AS+AQ,AL; DHA-PPQ; AS+AQ,AS,SP(IPT),AL; DHA-PPQ; AS+AQ,,,,,,,,,,,,,,,,,,,,,,,,,,,,,,,,,,,
Benin,NA,AL,AS,SP(IPT),NA,,,,,,,,,,,,,,,,,,,,,,,,,,,,,,,,,,,
Botswana,NA,AL-PQ,AS,NA,AL-PQ,,,,,,,,,,,,,,,,,,,,,,,,,,,,,,,,,,,
Burkina Faso,AL; AS+AQ,AL; AS-PY; AS+AQ; DHA-PPQ,AS,SP(IPT),NA,,,,,,,,,,,,,,,,,,,,,,,,,,,,,,,,,,,
Burundi,AL,AL,ART; AS,SP(IPT),NA,,,,,,,,,,,,,,,,,,,,,,,,,,,,,,,,,,,
Cameroon,NA,AL; AS-PY; AS+AQ; DHA-PPQ,AS; AM,SP(IPT),NA,,,,,,,,,,,,,,,,,,,,,,,,,,,,,,,,,,,
Central African Republic,AL,AL,AS,SP(IPT),NA,,,,,,,,,,,,,,,,,,,,,,,,,,,,,,,,,,,
Chad,AL; AS+AQ,AL; AS+AQ,ART; AS; QN,SP(IPT),NA,,,,,,,,,,,,,,,,,,,,,,,,,,,,,,,,,,,
Comoros,AL,AL; AL+PQ,AS,SP(IPT),NA,,,,,,,,,,,,,,,,,,,,,,,,,,,,,,,,,,,
Congo,AL,AL,AS,SP(IPT),NA,,,,,,,,,,,,,,,,,,,,,,,,,,,,,,,,,,,
Côte d'Ivoire,AL; AS+AQ,AL; AS+AQ,QN,SP(IPT),NA,,,,,,,,,,,,,,,,,,,,,,,,,,,,,,,,,,,
Democratic Republic of the Congo,AL; AS+AQ,AL; AS-PY; AS+AQ,AS,SP(IPT),NA,,,,,,,,,,,,,,,,,,,,,,,,,,,,,,,,,,,
Equatorial Guinea,AL,AL,AS,SP(IPT),NA,,,,,,,,,,,,,,,,,,,,,,,,,,,,,,,,,,,
Eritrea,AS+AQ,AS+AQ,AS,NA,AS+AQ,,,,,,,,,,,,,,,,,,,,,,,,,,,,,,,,,,,
Eswatini,NA,AL-PQ,AS,NA,PQ,,,,,,,,,,,,,,,,,,,,,,,,,,,,,,,,,,,
Ethiopia,AL+PQ,AL-PQ,AS; AL+PQ,NA,CQ+PQ,,,,,,,,,,,,,,,,,,,,,,,,,,,,,,,,,,,
Gabon,AL; DHA-PPQ; AS+MQ; AS+AQ,AL; DHA-PPQ; AS+MQ; AS+AQ,AS,SP(IPT),NA,,,,,,,,,,,,,,,,,,,,,,,,,,,,,,,,,,,
Gambia,AL,AL+PQ,AS,SP(IPT),NA,,,,,,,,,,,,,,,,,,,,,,,,,,,,,,,,,,,
Ghana,AL; AS+AQ; DHA-PPQ,AL; AS+AQ,AM; AS; QN,SP(IPT),AL+PQ; DHA-PPQ+PQ,,,,,,,,,,,,,,,,,,,,,,,,,,,,,,,,,,,
Guinea,AL,AL,ART+AL,SP(IPT),NA,,,,,,,,,,,,,,,,,,,,,,,,,,,,,,,,,,,
Guinea-Bissau,NA,AL,AS,SP(IPT),NA,,,,,,,,,,,,,,,,,,,,,,,,,,,,,,,,,,,
Kenya,AL,AL,AS,SP(IPT),AL-PQ,,,,,,,,,,,,,,,,,,,,,,,,,,,,,,,,,,,
Liberia,AS+AQ,AL; AS+AQ,AM; AS; QN,SP(IPT),NA,,,,,,,,,,,,,,,,,,,,,,,,,,,,,,,,,,,
Madagascar,AS+AQ,AS+AQ,AS,SP(IPT),AS+AQ,,,,,,,,,,,,,,,,,,,,,,,,,,,,,,,,,,,
Malawi,AL,AL,AS,SP(IPT),NA,,,,,,,,,,,,,,,,,,,,,,,,,,,,,,,,,,,
Mali,AL,AL,AS,SP(IPT),NA,,,,,,,,,,,,,,,,,,,,,,,,,,,,,,,,,,,
Mauritania,AS+AQ,AS+AQ,AS,SP(IPT),NA,,,,,,,,,,,,,,,,,,,,,,,,,,,,,,,,,,,
Mozambique,AL,AS+AQ,AS,SP(IPT),NA,,,,,,,,,,,,,,,,,,,,,,,,,,,,,,,,,,,
Namibia,NA,AL+PQ,AS,NA,AL+PQ,,,,,,,,,,,,,,,,,,,,,,,,,,,,,,,,,,,
Niger,AL,AL,AS,SP(IPT),AL,,,,,,,,,,,,,,,,,,,,,,,,,,,,,,,,,,,
Nigeria,AL; AS+AQ,AL; AS-PY; AS+AQ; DHA-PPQ,AS,SP(IPT),NA,,,,,,,,,,,,,,,,,,,,,,,,,,,,,,,,,,,
Rwanda,AL,AL,AS; QN,NA,NA,,,,,,,,,,,,,,,,,,,,,,,,,,,,,,,,,,,
Sao Tome and Principe,NA,AS+MQ+PQ,AS,SP(IPT),NA,,,,,,,,,,,,,,,,,,,,,,,,,,,,,,,,,,,
Senegal,NA,AL; AS+AQ+PQ,AS,SP(IPT),NA,,,,,,,,,,,,,,,,,,,,,,,,,,,,,,,,,,,
Sierra Leone,AL,AL,AS,SP(IPT),NA,,,,,,,,,,,,,,,,,,,,,,,,,,,,,,,,,,,
South Africa,AL,AL-PQ,AS; QN,NA,AL,,,,,,,,,,,,,,,,,,,,,,,,,,,,,,,,,,,
South Sudan1,AS+AQ,AS+AQ,AS,SP(IPT),AS-PY,,,,,,,,,,,,,,,,,,,,,,,,,,,,,,,,,,,
Togo,NA,AL,AS; AM; QN,SP(IPT),NA,,,,,,,,,,,,,,,,,,,,,,,,,,,,,,,,,,,
Uganda,NA,AL,AS,SP(IPT),AL,,,,,,,,,,,,,,,,,,,,,,,,,,,,,,,,,,,
United Republic of Tanzania,,,,,,,,,,,,,,,,,,,,,,,,,,,,,,,,,,,,,,,,
Mainland,AL; AS+AQ; DHA-PPQ,AL; AS+AQ; DHA-PPQ,AS; AL,SP(IPT),NA,,,,,,,,,,,,,,,,,,,,,,,,,,,,,,,,,,,
Zanzibar,NA,AS+AQ+PQ,AS,NA,PQ,,,,,,,,,,,,,,,,,,,,,,,,,,,,,,,,,,,
Zambia,AL,AL,AS,SP(IPT),NA,,,,,,,,,,,,,,,,,,,,,,,,,,,,,,,,,,,
Zimbabwe,NA,AL,AS,SP(IPT),NA,,,,,,,,,,,,,,,,,,,,,,,,,,,,,,,,,,,
AMERICAS,,,,,,,,,,,,,,,,,,,,,,,,,,,,,,,,,,,,,,,,
Bolivia (Plurinational State of),NA,AL+PQ,AS,NA,CQ+PQ,,,,,,,,,,,,,,,,,,,,,,,,,,,,,,,,,,,
Brazil,NA,AL+PQ; AS+MQ+PQ,AS,CQ,CQ+PQ; CQ+TQ,,,,,,,,,,,,,,,,,,,,,,,,,,,,,,,,,,,
Colombia,AL+PQ,AL; AL-PQ,AS,CQ,CQ+PQ,,,,,,,,,,,,,,,,,,,,,,,,,,,,,,,,,,,
Costa Rica,CQ+PQ,CQ+PQ,AS,NA,CQ+PQ,,,,,,,,,,,,,,,,,,,,,,,,,,,,,,,,,,,
Dominican Republic,NA,CQ+PQ,AS,NA,CQ+PQ,,,,,,,,,,,,,,,,,,,,,,,,,,,,,,,,,,,
Ecuador,NA,AL+AM+PQ,AS,NA,CQ+PQ,,,,,,,,,,,,,,,,,,,,,,,,,,,,,,,,,,,
French Guiana,NA,AL; DHA-PPQ,AS,NA,CQ+PQ,,,,,,,,,,,,,,,,,,,,,,,,,,,,,,,,,,,
Guatemala,CQ+PQ,AL,AS,NA,CQ+PQ,,,,,,,,,,,,,,,,,,,,,,,,,,,,,,,,,,,
Guyana,NA,AL+PQ,AM; AS-QN; QN+CL,NA,CQ+PQ,,,,,,,,,,,,,,,,,,,,,,,,,,,,,,,,,,,
Haiti,NA,CQ+PQ,AS,NA,CQ+PQ,,,,,,,,,,,,,,,,,,,,,,,,,,,,,,,,,,,
Honduras,NA,CQ+PQ,AS,NA,CQ+PQ,,,,,,,,,,,,,,,,,,,,,,,,,,,,,,,,,,,
Mexico,NA,AL; AL-PQ,AL; AL+PQ; AS,NA,CQ+PQ,,,,,,,,,,,,,,,,,,,,,,,,,,,,,,,,,,,
Nicaragua,CQ+PQ,CQ+PQ,AS,CQ,CQ+PQ,,,,,,,,,,,,,,,,,,,,,,,,,,,,,,,,,,,
Panama,AL-PQ,AL+PQ,AS,NA,CQ+PQ,,,,,,,,,,,,,,,,,,,,,,,,,,,,,,,,,,,
Peru,AS+MQ+PQ,AS+MQ+PQ,AS+PQ+CL,NA,CQ+PQ,,,,,,,,,,,,,,,,,,,,,,,,,,,,,,,,,,,
Venezuela (Bolivarian Republic of),NA,AL+PQ,AS,NA,CQ+PQ,,,,,,,,,,,,,,,,,,,,,,,,,,,,,,,,,,,
EASTERN MEDITERRANEAN,,,,,,,,,,,,,,,,,,,,,,,,,,,,,,,,,,,,,,,,
Afghanistan,CQ,AL+PQ,AM; AS; QN,NA,CQ+PQ,,,,,,,,,,,,,,,,,,,,,,,,,,,,,,,,,,,
Djibouti,NA,AL+PQ,AS,NA,AL+PQ,,,,,,,,,,,,,,,,,,,,,,,,,,,,,,,,,,,
Iran (Islamic Republic of),NA,AL-PQ,AS,NA,CQ+PQ,,,,,,,,,,,,,,,,,,,,,,,,,,,,,,,,,,,
Pakistan,CQ,AL-PQ,AS,NA,CQ+PQ,,,,,,,,,,,,,,,,,,,,,,,,,,,,,,,,,,,
Somalia,AL,AL-PQ,AS,SP(IPT),AL+PQ,,,,,,,,,,,,,,,,,,,,,,,,,,,,,,,,,,,
Sudan,NA,AL,AS; QN,SP(IPT),AL+PQ,,,,,,,,,,,,,,,,,,,,,,,,,,,,,,,,,,,
Yemen,AL,AL+PQ,AS,NA,AL-PQ,,,,,,,,,,,,,,,,,,,,,,,,,,,,,,,,,,,
SOUTH-EAST ASIA,,,,,,,,,,,,,,,,,,,,,,,,,,,,,,,,,,,,,,,,
Bangladesh,NA,AL+PQ,AS; AL+PQ,NA,CQ+PQ,,,,,,,,,,,,,,,,,,,,,,,,,,,,,,,,,,,
Democratic People's Republic of Korea,NA,NA,NA,NA,CQ+PQ,,,,,,,,,,,,,,,,,,,,,,,,,,,,,,,,,,,
India,NA,AL+PQ; AS+SP+PQ,AS,NA,CQ+PQ,,,,,,,,,,,,,,,,,,,,,,,,,,,,,,,,,,,
Myanmar,NA,AL+PQ,ART+AL,NA,CQ+PQ,,,,,,,,,,,,,,,,,,,,,,,,,,,,,,,,,,,
Nepal,CQ+PQ; AL+PQ,AL-PQ,AS,NA,CQ+PQ,,,,,,,,,,,,,,,,,,,,,,,,,,,,,,,,,,,
Thailand,NA,DHA-PPQ+PQ; AS-PY,CQ+PQ,NA,CQ+PQ,,,,,,,,,,,,,,,,,,,,,,,,,,,,,,,,,,,
WESTERN PACIFIC,,,,,,,,,,,,,,,,,,,,,,,,,,,,,,,,,,,,,,,,
Cambodia,AS+MQ,AS+MQ+PQ,AS,NA,AS+MQ+PQ,,,,,,,,,,,,,,,,,,,,,,,,,,,,,,,,,,,
Indonesia2,NA,DHA-PPQ+PQ,AS,NA,DHA-PPQ+PQ,,,,,,,,,,,,,,,,,,,,,,,,,,,,,,,,,,,
Lao People's Democratic Republic,NA,AL+PQ,AS,NA,AL-PQ,,,,,,,,,,,,,,,,,,,,,,,,,,,,,,,,,,,
Papua New Guinea,AL+PQ,AL+PQ,DHA-PPQ,SP(IPT),AL-PQ,,,,,,,,,,,,,,,,,,,,,,,,,,,,,,,,,,,
Philippines,NA,AL+PQ,AS,NA,AL+PQ,,,,,,,,,,,,,,,,,,,,,,,,,,,,,,,,,,,
Republic of Korea,AT-PG; PY-AS; MQ,PY; MQ,AS; MQ; AT-PG,NA,CQ+PQ,,,,,,,,,,,,,,,,,,,,,,,,,,,,,,,,,,,
Solomon Islands,AL+PQ,AL+PQ,AS,CQ,AL+PQ,,,,,,,,,,,,,,,,,,,,,,,,,,,,,,,,,,,
Vanuatu,AL+PQ,AL+PQ,AS,CQ,AL+PQ,,,,,,,,,,,,,,,,,,,,,,,,,,,,,,,,,,,
Viet Nam,AS-PY; DHA-PPQ+PQ,DHA-PPQ+PQ,AS,AL,CQ+PQ,,,,,,,,,,,,,,,,,,,,,,,,,,,,,,,,,,,
,,,,,,,,,,,,,,,,,,,,,,,,,,,,,,,,,,,,,,,,
,,,,Data as of 29 September 2025,,,,,,,,,,,,,,,,,,,,,,,,,,,,,,,,,,,,
AL: artemether–lumefantrine; AM: artemether; AQ: amodiaquine; ART: artemisinin; AS: artesunate; AT-PG: atovaquone–proguanil; CL: clindamycin; CQ: chloroquine; DHA-PPQ: dihydroartemisinin–piperaquine; IPT: intermittent preventive treatment of malaria; MQ: mefloquine; NA: not applicable; P: Plasmodium; PQ: primaquine; PY: PYonaridine; QN: quinine; SP: sulfadoxine–PYimethamine; TQ: tafenoquine; WHO: World Health Organization.,,,,,,,,,,,,,,,,,,,,,,,,,,,,,,,,,,,,,,,,
"1 In May 2013, South Sudan was reassigned to the WHO African Region (resolution WHA66.21, https://apps.who.int/gb/ebwha/pdf_files/WHA66/A66_R21-en.pdf).",,,,,,,,,,,,,,,,,,,,,,,,,,,,,,,,,,,,,,,,
"2 As of 27 May 2025, Indonesia was reassigned to the WHO Western Pacific Region (resolution WHA78.25, https://apps.who.int/gb/ebwha/pdf_files/WHA78/A78_R25-en.pdf).",,,,,,,,,,,,,,,,,,,,,,,,,,,,,,,,,,,,,,,,
"Notes:
Co-blistered products are denoted by ‘+’ (e.g. artesunate + amodiaquine).
Co-formulated products are denoted by ‘–’ (e.g. artemether–lumefantrine).",,,,,,,,,,,,,,,,,,,,,,,,,,,,,,,,,,,,,,,,
,,,,,,,,,,,,,,,,,,,,,,,,,,,,,,,,,,,,,,,,
,,,,,,,,,,,,,,,,,,,,,,,,,,,,,,,,,,,,,,,,
,,,,,,,,,,,,,,,,,,,,,,,,,,,,,,,,,,,,,,,,
,,,,,,,,,,,,,,,,,,,,,,,,,,,,,,,,,,,,,,,,
,,,,,,,,,,,,,,,,,,,,,,,,,,,,,,,,,,,,,,,,
,,,,,,,,,,,,,,,,,,,,,,,,,,,,,,,,,,,,,,,,
,,,,,,,,,,,,,,,,,,,,,,,,,,,,,,,,,,,,,,,,
,,,,,,,,,,,,,,,,,,,,,,,,,,,,,,,,,,,,,,,,
,,,,,,,,,,,,,,,,,,,,,,,,,,,,,,,,,,,,,,,,
,,,,,,,,,,,,,,,,,,,,,,,,,,,,,,,,,,,,,,,,
,,,,,,,,,,,,,,,,,,,,,,,,,,,,,,,,,,,,,,,,
,,,,,,,,,,,,,,,,,,,,,,,,,,,,,,,,,,,,,,,,
,,,,,,,,,,,,,,,,,,,,,,,,,,,,,,,,,,,,,,,,
,,,,,,,,,,,,,,,,,,,,,,,,,,,,,,,,,,,,,,,,
,,,,,,,,,,,,,,,,,,,,,,,,,,,,,,,,,,,,,,,,
,,,,,,,,,,,,,,,,,,,,,,,,,,,,,,,,,,,,,,,,
,,,,,,,,,,,,,,,,,,,,,,,,,,,,,,,,,,,,,,,,
,,,,,,,,,,,,,,,,,,,,,,,,,,,,,,,,,,,,,,,,
,,,,,,,,,,,,,,,,,,,,,,,,,,,,,,,,,,,,,,,,
,,,,,,,,,,,,,,,,,,,,,,,,,,,,,,,,,,,,,,,,
,,,,,,,,,,,,,,,,,,,,,,,,,,,,,,,,,,,,,,,,
,,,,,,,,,,,,,,,,,,,,,,,,,,,,,,,,,,,,,,,,
,,,,,,,,,,,,,,,,,,,,,,,,,,,,,,,,,,,,,,,,
,,,,,,,,,,,,,,,,,,,,,,,,,,,,,,,,,,,,,,,,
,,,,,,,,,,,,,,,,,,,,,,,,,,,,,,,,,,,,,,,,
,,,,,,,,,,,,,,,,,,,,,,,,,,,,,,,,,,,,,,,,
,,,,,,,,,,,,,,,,,,,,,,,,,,,,,,,,,,,,,,,,
,,,,,,,,,,,,,,,,,,,,,,,,,,,,,,,,,,,,,,,,
,,,,,,,,,,,,,,,,,,,,,,,,,,,,,,,,,,,,,,,,
,,,,,,,,,,,,,,,,,,,,,,,,,,,,,,,,,,,,,,,,
,,,,,,,,,,,,,,,,,,,,,,,,,,,,,,,,,,,,,,,,
,,,,,,,,,,,,,,,,,,,,,,,,,,,,,,,,,,,,,,,,
,,,,,,,,,,,,,,,,,,,,,,,,,,,,,,,,,,,,,,,,
,,,,,,,,,,,,,,,,,,,,,,,,,,,,,,,,,,,,,,,,
,,,,,,,,,,,,,,,,,,,,,,,,,,,,,,,,,,,,,,,,
,,,,,,,,,,,,,,,,,,,,,,,,,,,,,,,,,,,,,,,,
,,,,,,,,,,,,,,,,,,,,,,,,,,,,,,,,,,,,,,,,
,,,,,,,,,,,,,,,,,,,,,,,,,,,,,,,,,,,,,,,,
,,,,,,,,,,,,,,,,,,,,,,,,,,,,,,,,,,,,,,,,
,,,,,,,,,,,,,,,,,,,,,,,,,,,,,,,,,,,,,,,,
,,,,,,,,,,,,,,,,,,,,,,,,,,,,,,,,,,,,,,,,
,,,,,,,,,,,,,,,,,,,,,,,,,,,,,,,,,,,,,,,,
,,,,,,,,,,,,,,,,,,,,,,,,,,,,,,,,,,,,,,,,
,,,,,,,,,,,,,,,,,,,,,,,,,,,,,,,,,,,,,,,,
,,,,,,,,,,,,,,,,,,,,,,,,,,,,,,,,,,,,,,,,
,,,,,,,,,,,,,,,,,,,,,,,,,,,,,,,,,,,,,,,,
,,,,,,,,,,,,,,,,,,,,,,,,,,,,,,,,,,,,,,,,
,,,,,,,,,,,,,,,,,,,,,,,,,,,,,,,,,,,,,,,,
,,,,,,,,,,,,,,,,,,,,,,,,,,,,,,,,,,,,,,,,
,,,,,,,,,,,,,,,,,,,,,,,,,,,,,,,,,,,,,,,,
,,,,,,,,,,,,,,,,,,,,,,,,,,,,,,,,,,,,,,,,
,,,,,,,,,,,,,,,,,,,,,,,,,,,,,,,,,,,,,,,,
,,,,,,,,,,,,,,,,,,,,,,,,,,,,,,,,,,,,,,,,
